Site Name,Site Location Desc,Latitude GDA94,Longitude GDA94,Accuracy,Survey/Observation Name,Survey Start Date,Survey End Date,Licence Name,Project Id,Total Count,Reliability,Extra Info
STQ roadkill from Yackandandah - Wodonga Road,Approx 100m north of Fitzpatrick Drive on the Yackandandah â Wodonga Rd at Staghorn Flat/Baranduda,-36.22167,146.95306,1,NMVC42047 Roadkill picked up on side of road,15/05/2024, , ,1,1,Confirmed,Found dead
Bendoc - incidental STQ record,Bendoc - the Fives Rd,-37.07926,148.84862,50,Bendoc - incidental STQ record,19/04/2024, , ,1,1,Unverified, 
Mount Bullfight Nature Conservation Reserve,Forested reserve,-37.433,145.9292,5,Mount Bullfight Nature Conservation Reserve,17/04/2024, , ,1,1,Acceptable, 
Healesville-Kinglake Rd,Kinglake,-37.537,145.3874,10,General Observations,16/04/2024, , ,1,1,Confirmed,Found dead
"Sylvia Creek Road,TOOLANGI","Sylvia Creek Road,TOOLANGI",-37.5056,145.5467,10,Opportunistic_SylviaCreekRoad,15/08/2023, , ,6183,1,Acceptable, 
"Great Alpine Rd, Monkey Creek, Bruthen","Great Alpine Rd, Monkey Creek, Bruthen",-37.66395,147.87348,100,Incidental - Spot-tailed Quoll found dead on Road,25/07/2023, , ,1,1,Acceptable,Found dead
Road 2 Upper Yarra Catchment,Bears Creek headwaters,-37.63679,145.98506,25,Spot-tailed Quoll Release Site,30/05/2023, , ,1,1,Confirmed,Released/Introduced
RRL02,"Rocky Range, Alpine NP",-37.06487,148.34047,10,STQ_Active latrine monitoring and contemporary genetic material collection 2022_RRL02,18/08/2022, , ,6343,1,Acceptable, 
Rocky Range RR-L02_RR5,"Off Rocky Range Tk, Alpine NP",-37.0649,148.3405,5,STQ_Active latrine monitoring and contemporary genetic material collection 2022_Rocky Range RR-L02_RR5,4/08/2022, , ,6343,1,Acceptable,In predator scat
Rocky Range RR-L02_RR4,"Off Rocky Range Tk, Alpine NP",-37.06483,148.34051,5,STQ_Active latrine monitoring and contemporary genetic material collection 2022_Rocky Range RR-L02_RR4,4/08/2022, , ,6343,1,Acceptable,In predator scat
SRL02,"Mt Hamilton, Alpine NP",-37.00567,148.29637,10,STQ_Active latrine monitoring and contemporary genetic material collection 2022_SRL02,4/08/2022, , ,6343,1,Acceptable, 
Rocky Range RR-L02_RR10,"Off Rocky Range Tk, Alpine NP",-37.10994,148.3407,5,STQ_Active latrine monitoring and contemporary genetic material collection 2022_Rocky Range RR-L02_RR10,4/08/2022, , ,6343,1,Acceptable,In predator scat
Rocky Range RR-L02_RR3,"Off Rocky Range Tk, Alpine NP",-37.0649,148.34049,5,STQ_Active latrine monitoring and contemporary genetic material collection 2022_Rocky Range RR-L02_RR3,4/08/2022, , ,6343,1,Acceptable,In predator scat
Rocky Range RR-L02_RR8,"Off Rocky Range Tk, Alpine NP",-37.06489,148.34043,5,STQ_Active latrine monitoring and contemporary genetic material collection 2022_Rocky Range RR-L02_RR8,4/08/2022, , ,6343,1,Acceptable,In predator scat
Rocky Range RR-L02_RR6,"Off Rocky Range Tk, Alpine NP",-37.0649,148.34044,5,STQ_Active latrine monitoring and contemporary genetic material collection 2022_Rocky Range RR-L02_RR6,4/08/2022, , ,6343,1,Acceptable,In predator scat
Rocky Range RR-L02_RR7,"Off Rocky Range Tk, Alpine NP",-37.0649,148.34044,5,STQ_Active latrine monitoring and contemporary genetic material collection 2022_Rocky Range RR-L02_RR7,4/08/2022, , ,6343,1,Acceptable,In predator scat
Rocky Range RR-L02_RR11,"Off Rocky Range Tk, Alpine NP",-37.06485,148.3405,5,STQ_Active latrine monitoring and contemporary genetic material collection 2022_Rocky Range RR-L02_RR11,4/08/2022, , ,6343,1,Acceptable,In predator scat
"Mt Hamilton SR-L02_MH16-MH31, MH33","Off Snowy River Rd, Alpine NP",-37.00567,148.29635,5,"STQ_Active latrine monitoring and contemporary genetic material collection 2022_Mt Hamilton SR-L02_MH16-MH31, MH33",4/08/2022, , ,6343,17,Acceptable,In predator scat
Snowy River Road-Mt Hamilton_MH6,"Off Snowy River Rd, Alpine NP",-37.00564,148.29602,5,STQ_Active latrine monitoring and contemporary genetic material collection 2022_Snowy River Road-Mt Hamilton_MH6,3/08/2022, , ,6343,1,Acceptable,In predator scat
Southern Ark remote camera monitoring_Site_G734P1168,Southern Ark remote camera monitoring_Site_G734P1168,-37.03032,148.72463,10,Southern Ark remote camera monitoring_G734P1168_CAMSA416_CARDSA1327_20220725_CamModel_HLPX_Lure_PNB-Pistachio,25/07/2022, , ,4879, ,Acceptable, 
Rocky Range_RR1,"Off Rocky Range Tk, Alpine NP",-37.06054,148.33821,5,STQ_Active latrine monitoring and contemporary genetic material collection 2022_Rocky Range_RR1,13/07/2022, , ,6343,1,Acceptable,In predator scat
"Wallaby Rocks 2_WA2, WA3, WA4, WA5, WA7","Off Rocky Range Tk, Alpine NP",-37.01707,148.30733,5,"STQ_Active latrine monitoring and contemporary genetic material collection 2022_Wallaby Rocks 2_WA2, WA3, WA4, WA5, WA7",11/07/2022, , ,6343,5,Acceptable,In predator scat
Little River Gorge A_LA1,"Off Farm Rd, Snowy River NP",-37.07687,148.3133,5,STQ_Active latrine monitoring and contemporary genetic material collection 2022_Little River Gorge A_LA1,5/07/2022, , ,6343,1,Acceptable,In predator scat
WRD05,"Wallaby Rock, off Laurie Tk, Alpine NP",-36.99448,148.57202,10,STQ_Active latrine monitoring and contemporary genetic material collection 2022_WRD05,30/06/2022, , ,6343,1,Acceptable, 
GAL02,"Gattamurh Creek, Alpine NP",-36.9329,148.48058,10,STQ_Active latrine monitoring and contemporary genetic material collection 2022_GAL02,28/06/2022, , ,6343,1,Acceptable, 
Little River Gorge D LDL01_LD7,"Off Farm Rd, Snowy River NP",-37.09568,148.31178,5,STQ_Active latrine monitoring and contemporary genetic material collection 2022_Little River Gorge D LDL01_LD7,22/06/2022, , ,6343,1,Acceptable,In predator scat
Gattamurh GA-L02_GA7,"Off Blackguard gully Tk, Alpine NP",-36.93291,148.48059,5,STQ_Active latrine monitoring and contemporary genetic material collection 2022_Gattamurh GA-L02_GA7,21/06/2022, , ,6343,1,Acceptable,In predator scat
Gattamurh_GA8,"Off Blackguard gully Tk, Alpine NP",-36.93284,148.48038,5,STQ_Active latrine monitoring and contemporary genetic material collection 2022_Gattamurh_GA8,21/06/2022, , ,6343,1,Acceptable,In predator scat
Gattamurh_GA9,"Off Blackguard gully Tk, Alpine NP",-36.93283,148.48034,5,STQ_Active latrine monitoring and contemporary genetic material collection 2022_Gattamurh_GA9,21/06/2022, , ,6343,1,Acceptable,In predator scat
Southern Ark remote camera monitoring_Site_G734P1166,Southern Ark remote camera monitoring_Site_G734P1166,-37.00891,148.69554,10,Southern Ark remote camera monitoring_G734P1166_CAMSA468_CARDSA1238_20220614_CamModel_HLPX_Lure_PNB-Pistachio,14/06/2022, , ,4879, ,Acceptable, 
"Gattamurh GA-L02_GA1, GA3","Off Blackguard gully Tk, Alpine NP",-36.93287,148.48055,5,"STQ_Active latrine monitoring and contemporary genetic material collection 2022_Gattamurh GA-L02_GA1, GA3",9/06/2022, , ,6343,2,Acceptable,In predator scat
Little River Gorge D_LD1,"Off Farm Rd, Snowy River NP",-37.09559,148.31147,5,STQ_Active latrine monitoring and contemporary genetic material collection 2022_Little River Gorge D_LD1,6/06/2022, , ,6343,1,Acceptable,In predator scat
WTCat047,Tulloch Ard,-37.30135,148.32426,10,Tulloch Ard Feral Cat Bait Monitoring Project,19/04/2022, , ,6943,1,Confirmed, 
WG014A,"West Gully, Little River Gorge, Snowy River NP",-37.09391,148.31299,5,"Little River Gorge sBTRW camera monitoring 2022, Site WG014A",14/03/2022, , ,2588,1,Acceptable, 
ER001A,"East Razorback, Little River Gorge, Snowy River NP",-37.08938,148.31844,5,"Little River Gorge sBTRW camera monitoring 2022, Site ER001A",13/03/2022, , ,2588,1,Acceptable, 
FC005A,"East Razorback, Little River Gorge, Snowy River NP",-37.11234,148.329,5,"Little River Gorge sBTRW camera monitoring 2022, Site FC005A",11/03/2022, , ,2588,1,Acceptable, 
GA-L01,Gattamurh Creek off Blackguard gully Tk,-36.93196,148.47999,10,STQ_Active latrine monitoring and contemporary genetic material collection 2022_GA-L01-Cam1,18/02/2022, , ,6343, ,Acceptable, 
Blackguard Gully Track helipad,Deddick Valley,-36.94361,148.50306,5,Pig bait station camera - Moogji Aboriginal Council,15/11/2021, , ,1, ,Acceptable, 
Site BClatrine1_Scat BC03 and BC04,"Boundary Creek, Snowy River National Park",-37.12017,148.27765,10,STQ_Active latrine monitoring and contemporary genetic material collection 2021_Site BClatrine1_Scat BC03 and BC04,19/08/2021, , ,6343,2,Acceptable,In predator scat
Site FCL01_Scat FC01 and FC02,"Farm Creek, Snowy River National Park",-37.11236,148.32882,10,STQ_Active latrine monitoring and contemporary genetic material collection 2021_Site FCL01_Scat FC01 and FC02,17/08/2021, , ,6343,2,Acceptable,In predator scat
FCL01,"Off Farm Rd, Snowy River NP",-37.11236,148.32882,10,STQ_Active latrine monitoring and contemporary genetic material collection 2022_FCL01,17/08/2021, , ,6343,1,Acceptable, 
WRD03,"Wallaby Rock, off Laurie Tk, Alpine NP",-36.9944,148.57199,10,STQ_Active latrine monitoring and contemporary genetic material collection 2022_WRD03,30/07/2021, , ,6343,1,Acceptable, 
GAL01,"Gattamurh Creek, Alpine NP",-36.93196,148.47999,10,STQ_Active latrine monitoring and contemporary genetic material collection 2022_GAL01,30/07/2021, , ,6343,1,Acceptable, 
WRL01,"Wallaby Rock, off Laurie Tk, Alpine NP",-36.9937,148.57111,10,STQ_Active latrine monitoring and contemporary genetic material collection 2022_WRL01,29/07/2021, , ,6343,1,Acceptable, 
Site WR-Latrine4 (WRL02)_Scat WR07,"Wallaby Rock, Alpine National Park",-36.9947,148.57147,10,STQ_Active latrine monitoring and contemporary genetic material collection 2021_Site WR-Latrine4 (WRL02)_Scat WR07,29/07/2021, , ,6343,1,Acceptable,In predator scat
WRD01,"Wallaby Rock, off Laurie Tk, Alpine NP",-36.99367,148.57031,10,STQ_Active latrine monitoring and contemporary genetic material collection 2022_WRD01,29/07/2021, , ,6343,1,Acceptable, 
WRD02,"Wallaby Rock, off Laurie Tk, Alpine NP",-36.99376,148.57033,10,STQ_Active latrine monitoring and contemporary genetic material collection 2022_WRD02,29/07/2021, , ,6343,1,Acceptable, 
WRD04,"Wallaby Rock, off Laurie Tk, Alpine NP",-36.99474,148.57202,10,STQ_Active latrine monitoring and contemporary genetic material collection 2022_WRD04,29/07/2021, , ,6343,1,Acceptable, 
WRL02,"Wallaby Rock, off Laurie Tk, Alpine NP",-36.9947,148.57147,10,STQ_Active latrine monitoring and contemporary genetic material collection 2022_WRL02,29/07/2021, , ,6343,1,Acceptable, 
Southern Ark remote camera monitoring_Site_G383P0742,Southern Ark remote camera monitoring_Site_G383P0742,-37.45784,149.21649,10,Southern Ark remote camera monitoring_G383P0742_CAMSA428_CARDSA1375_20210723_CamModel_HLPX_Lure_PNB-Pistachio,23/07/2021, , ,4879, ,Confirmed, 
CRL01,"Off Laurie's Track, Alpine NP",-37.0074,148.63161,10,STQ_Active latrine monitoring and contemporary genetic material collection 2022_CRL01,21/07/2021, , ,6343,1,Acceptable, 
Site CR-LATRINE1_Scat CR01,"Canid Rocks - Tingaringy, Alpine National Park",-37.00733,148.63165,10,STQ_Active latrine monitoring and contemporary genetic material collection 2021_Site CR-LATRINE1_Scat CR01,21/07/2021, , ,6343,1,Acceptable,In predator scat
Southern Ark remote camera monitoring_Site_G734P1168,Southern Ark remote camera monitoring_Site_G734P1168,-37.03032,148.72463,10,Southern Ark remote camera monitoring_G734P1168_CAMSA397_CARDSA1086_20210720_CamModel_HLPX_Lure_PNB-Pistachio,20/07/2021, , ,4879, ,Acceptable, 
Site WR2-SCAT1_Scat WA01,"Wallaby Rocks 2 ¿ off Hamilton Gap, Alpine National Park",-37.01823,148.30787,10,STQ_Active latrine monitoring and contemporary genetic material collection 2021_Site WR2-SCAT1_Scat WA01,20/07/2021, , ,6343,1,Acceptable,In predator scat
Site WRL01_Scat WR7-WR11,"Wallaby Rock, Alpine National Park",-36.99351,148.57111,10,STQ_Active latrine monitoring and contemporary genetic material collection 2021_Site WRL01_Scat WR7-WR11,12/07/2021, , ,6343,1,Acceptable,In predator scat
Wallaby Rock,Tingaringy Creek,-36.9937,148.5711,5,STQ cage trapping July 2021,12/07/2021, , ,6344,2,Acceptable,Carnivore bait
Site TI01/02_Scats TI01 and TI02,"Tingaringy, Alpine National Park",-36.99637,148.67635,10,STQ_Active latrine monitoring and contemporary genetic material collection 2021_Site TI01/02_Scats TI01 and TI02,1/07/2021, , ,6343,2,Acceptable,In predator scat
Site TI-03_Scat TI03,"Tingaringy, Alpine National Park",-36.99797,148.67453,10,STQ_Active latrine monitoring and contemporary genetic material collection 2021_Site TI-03_Scat TI03,1/07/2021, , ,6343,1,Acceptable,In predator scat
Site WR05_Scat WR05,"Wallaby Rock, Alpine National Park",-36.99454,148.57173,10,STQ_Active latrine monitoring and contemporary genetic material collection 2021_Site WR05_Scat WR05,30/06/2021, , ,6343,1,Acceptable,In predator scat
Site WR02_Scat WR02,"Wallaby Rock, Alpine National Park",-36.99355,148.5712,10,STQ_Active latrine monitoring and contemporary genetic material collection 2021_Site WR02_Scat WR02,30/06/2021, , ,6343,1,Acceptable,In predator scat
Site WR03_Scat WR03,"Wallaby Rock, Alpine National Park",-36.9945,148.57174,10,STQ_Active latrine monitoring and contemporary genetic material collection 2021_Site WR03_Scat WR03,30/06/2021, , ,6343,1,Acceptable,In predator scat
Site WR04_Scat WR04,"Wallaby Rock, Alpine National Park",-36.99465,148.57144,10,STQ_Active latrine monitoring and contemporary genetic material collection 2021_Site WR04_Scat WR04,30/06/2021, , ,6343,1,Acceptable,In predator scat
WRL02,"Wallaby Rock, off Laurie Tk, Alpine NP",-36.9947,148.57147,10,STQ_Active latrine monitoring and contemporary genetic material collection 2021_SiteWRL02,30/06/2021, , ,6343, ,Acceptable, 
Site WR01_Scat WR01,"Wallaby Rock, Alpine National Park",-36.9935,148.57113,10,STQ_Active latrine monitoring and contemporary genetic material collection 2021_Site WR01_Scat WR01,30/06/2021, , ,6343,1,Acceptable,In predator scat
QGL01,"Quoll Gully, Little River Gorge, Snowy River NP",-37.09714,148.32623,10,STQ_Active latrine monitoring and contemporary genetic material collection 2021_SiteQGL01,17/06/2021, , ,6343, ,Acceptable, 
Blackguard Helipad,Deddick Valley,-36.94359,148.50324,5,Pig Control_Deddick Valley_Blackguard Helipad_2021,7/06/2021, , ,6508, ,Acceptable,Herbivore bait
UpperSnowyQuollProject2021_Site_STQ138,UpperSnowyQuollProject2021_Site_STQ138,-37.05881,148.33736,10,UpperSnowyQuollProject2021_STQ138_WC010_DJ5_20210606_CamModel_HP2W_Lure_Chicken-Pilchard-TunaOil,6/06/2021, , ,4489, ,Acceptable, 
UpperSnowyQuollProject2021_Site_STQ237,UpperSnowyQuollProject2021_Site_STQ237,-37.1178,148.28942,10,UpperSnowyQuollProject2021_STQ237_WURM8_UH7_20210605_CamModel_HC500_Lure_Chicken-Pilchard-TunaOil,5/06/2021, , ,4489, ,Acceptable, 
UpperSnowyQuollProject2021_Site_STQ163,UpperSnowyQuollProject2021_Site_STQ163,-36.93768,148.52097,10,UpperSnowyQuollProject2021_STQ163_WURH8_UH5_20210604_CamModel_HC600_Lure_Chicken-Pilchard-TunaOil,4/06/2021, , ,4489, ,Acceptable, 
UpperSnowyQuollProject2021_Site_STQ172,UpperSnowyQuollProject2021_Site_STQ172,-37.06714,148.76602,10,UpperSnowyQuollProject2021_STQ172_85053_908_20210603_CamModel_PC850_Lure_Chicken-Pilchard-TunaOil,3/06/2021, , ,4489, ,Acceptable, 
UpperSnowyQuollProject2021_Site_STQ165,UpperSnowyQuollProject2021_Site_STQ165,-37.02968,148.64288,10,UpperSnowyQuollProject2021_STQ165_85043_956_20210603_CamModel_PC850_Lure_Chicken-Pilchard-TunaOil,3/06/2021, , ,4489, ,Acceptable, 
UpperSnowyQuollProject2021_Site_STQ156,UpperSnowyQuollProject2021_Site_STQ156,-37.02823,148.5875,10,UpperSnowyQuollProject2021_STQ156_85017_951_20210603_CamModel_PC850_Lure_Chicken-Pilchard-TunaOil,3/06/2021, , ,4489, ,Acceptable, 
UpperSnowyQuollProject2021_Site_STQ155,UpperSnowyQuollProject2021_Site_STQ155,-37.06725,148.62101,10,UpperSnowyQuollProject2021_STQ155_85011_930_20210603_CamModel_PC850_Lure_Chicken-Pilchard-TunaOil,3/06/2021, , ,4489, ,Acceptable, 
UpperSnowyQuollProject2021_Site_STQ171,UpperSnowyQuollProject2021_Site_STQ171,-37.03168,148.74324,10,UpperSnowyQuollProject2021_STQ171_85027_922_20210603_CamModel_PC850_Lure_Chicken-Pilchard-TunaOil,3/06/2021, , ,4489, ,Acceptable, 
UpperSnowyQuollProject2021_Site_STQ164,UpperSnowyQuollProject2021_Site_STQ164,-36.99919,148.67295,10,UpperSnowyQuollProject2021_STQ164_85021_912_20210603_CamModel_PC850_Lure_Chicken-Pilchard-TunaOil,3/06/2021, , ,4489, ,Acceptable, 
UpperSnowyQuollProject2021_Site_STQ170,UpperSnowyQuollProject2021_Site_STQ170,-37.01323,148.70207,10,UpperSnowyQuollProject2021_STQ170_85031_943_20210603_CamModel_PC850_Lure_Chicken-Pilchard-TunaOil,3/06/2021, , ,4489, ,Acceptable, 
UpperSnowyQuollProject2021_Site_STQ157,UpperSnowyQuollProject2021_Site_STQ157,-36.99356,148.5677,10,UpperSnowyQuollProject2021_STQ157_85045_907_20210603_CamModel_PC850_Lure_Chicken-Pilchard-TunaOil,3/06/2021, , ,4489, ,Acceptable, 
UpperSnowyQuollProject2021_Site_STQ134,UpperSnowyQuollProject2021_Site_STQ134,-37.11949,148.30336,10,UpperSnowyQuollProject2021_STQ134_WURT6_DG7_20210602_CamModel_HF2X_Lure_Chicken-Pilchard-TunaOil,2/06/2021, , ,4489, ,Acceptable, 
UpperSnowyQuollProject2021_Site_STQ297,UpperSnowyQuollProject2021_Site_STQ297,-37.14055,148.28931,10,UpperSnowyQuollProject2021_STQ297_WURS6_DA9_20210602_CamModel_HP2W_Lure_Chicken-Pilchard-TunaOil,2/06/2021, , ,4489, ,Acceptable, 
UpperSnowyQuollProject2021_Site_STQ230,UpperSnowyQuollProject2021_Site_STQ230,-37.08675,148.29974,10,UpperSnowyQuollProject2021_STQ230_WURH1_DD9_20210602_CamModel_HF2X_Lure_Chicken-Pilchard-TunaOil,2/06/2021, , ,4489, ,Acceptable, 
RRL01,"Rocky Range, Alpine NP",-37.0606,148.33833,10,STQ_Active latrine monitoring and contemporary genetic material collection 2021_SiteRRL01,29/05/2021, , ,6343, ,Acceptable, 
Site WRL01_Scats 1-3,"Wallaby Rock, Alpine National Park",-36.9937,148.5711,10,STQ_Active latrine monitoring and contemporary genetic material collection 2021_Site WR Latrine1_Scats 1-3,28/05/2021, , ,6343,3,Acceptable,In predator scat
WRL01,"Wallaby Rock, off Laurie Tk, Alpine NP",-36.9937,148.57111,10,STQ_Active latrine monitoring and contemporary genetic material collection 2021_SiteWRL01,28/05/2021, , ,6343, ,Acceptable, 
Site WR LATRINE 2_Scats 1-2,"Wallaby Rock, Alpine National Park",-36.9937,148.57115,10,STQ_Active latrine monitoring and contemporary genetic material collection 2021_Site WR LATRINE 2_Scats 1-2,28/05/2021, , ,6343,2,Acceptable,In predator scat
Site L.R. CAM2_Scat 1,"Little River ¿ Quoll Gully, Snowy River National Park",-37.09708,148.32636,10,STQ_Active latrine monitoring and contemporary genetic material collection 2021_Site L.R. CAM2_Scat 1,27/05/2021, , ,6343,1,Acceptable,In predator scat
Site LRG2_Scat 2,"Little River Gorge, Snowy River National Park",-37.08195,148.31331,10,STQ_Active latrine monitoring and contemporary genetic material collection 2021_Site LRG2_Scat 2,18/05/2021, , ,6343,1,Acceptable,In predator scat
Site WC_Scats 1-3,"Wulgulmerang Creek, Snowy River National Park",-37.08423,148.31323,10,STQ_Active latrine monitoring and contemporary genetic material collection 2021_Site WC_Scat's 1-3,18/05/2021, , ,6343,3,Acceptable,In predator scat
Site LRG1_Scat 1,"Little River Gorge, Snowy River National Park",-37.08215,148.31109,10,STQ_Active latrine monitoring and contemporary genetic material collection 2021_Site LRG1_Scat 1,18/05/2021, , ,6343,1,Acceptable,In predator scat
Spot-tailed Quoll Upper Snowy camera survey_Site_STQ158,Spot-tailed Quoll Upper Snowy camera survey_Site_STQ158,-36.96187,148.44939,10,Spot-tailed Quoll Upper Snowy camera survey_STQ158_RJ8_WUH6_20200805_CamModel_H2RX_Lure_chicken necks - pilchards - tuna oil,5/08/2020, , ,6107, ,Acceptable, 
Spot-tailed Quoll Upper Snowy camera survey_Site_STQ163,Spot-tailed Quoll Upper Snowy camera survey_Site_STQ163,-36.93768,148.52097,10,Spot-tailed Quoll Upper Snowy camera survey_STQ163_RE9_SDA4_20200805_CamModel_HLPW_Lure_chicken necks - pilchards - tuna oil,5/08/2020, , ,6107, ,Acceptable, 
LR001C,"Little River Site, Little River Gorge, Snowy River NP",-37.10003,148.32813,5,East Gippsland BTRW monitoring_LR001C_CAM85030_CARDB24_20200509_CamModel_P850_Lure_Lucerne scent lure,9/05/2020, , ,2588, ,Acceptable, 
East Gippsland BTRW monitoring_Site_LR009A,East Gippsland BTRW monitoring_Site_LR009A,-37.1004,148.33049,10,East Gippsland BTRW monitoring_LR009A_CAM85025_CARDB49_20200509_CamModel_P850_Lure_Lucerne scent lure,9/05/2020, , ,2588, ,Acceptable, 
FC010A,"East Razorback, Little River Gorge, Snowy River NP",-37.10718,148.32584,5,East Gippsland BTRW monitoring_FC010A_CAM85057_CARD933_20200331_CamModel_P850_Lure_Lucerne scent lure,31/03/2020, , ,2588, ,Acceptable, 
FC005A,"East Razorback, Little River Gorge, Snowy River NP",-37.11234,148.329,5,East Gippsland BTRW monitoring_FC005A_CAM85043_CARD918_20200331_CamModel_P850_Lure_Lucerne scent lure,31/03/2020, , ,2588, ,Acceptable, 
WC005A,"Wulgulmerang Creek, Little River Gorge, Snowy River NP",-37.08515,148.31607,5,East Gippsland BTRW monitoring_WC005A_CAM85017_CARD911_20200325_CamModel_P850_Lure_Lucerne pinata bait,25/03/2020, , ,2588, ,Acceptable, 
WG012B,"West Gully, Little River Gorge, Snowy River NP",-37.08944,148.31204,5,East Gippsland BTRW monitoring_WG012B_CAM85028_CARD940_20200318_CamModel_P850_Lure_Lucerne scent lure,18/03/2020, , ,2588, ,Acceptable, 
WG005A,"West Gully, Little River Gorge, Snowy River NP",-37.09015,148.31207,5,East Gippsland BTRW monitoring_WG005A_CAM85032_CARD913_20200318_CamModel_P850_Lure_Lucerne pinata bait,18/03/2020, , ,2588, ,Acceptable, 
LR002B,"Little River Site, Little River Gorge, Snowy River NP",-37.09708,148.3263,5,East Gippsland BTRW monitoring_LR002B_CAM85044_CARD937_20200317_CamModel_P850_Lure_Lucerne pinata bait,17/03/2020, , ,2588, ,Acceptable, 
FC010A,"East Razorback, Little River Gorge, Snowy River NP",-37.10718,148.32584,5,East Gippsland BTRW monitoring_FC010A_CAM85029_CARD909_20190323_CamModel_P850_Lure_Lucerne scent lure,23/03/2019, , ,2588, ,Acceptable, 
FC005A,"East Razorback, Little River Gorge, Snowy River NP",-37.11234,148.329,5,East Gippsland BTRW monitoring_FC005A_CAM85028_CARD940_20190323_CamModel_P850_Lure_Lucerne scent lure,23/03/2019, , ,2588, ,Acceptable, 
FC003A,"East Razorback, Little River Gorge, Snowy River NP",-37.10865,148.32727,5,East Gippsland BTRW monitoring_FC003A_CAM85031_CARD901_20190323_CamModel_P850_Lure_Lucerne pinata bait,23/03/2019, , ,2588, ,Acceptable, 
East Gippsland BTRW monitoring_Site_EG005A,East Gippsland BTRW monitoring_Site_EG005A,-37.09325,148.31949,10,East Gippsland BTRW monitoring_EG005A_CAM85059_CARD923_20190317_CamModel_P850_Lure_Lucerne pinata bait,17/03/2019, , ,2588, ,Acceptable, 
EG001A,"East Gully, Little River Gorge, Snowy River NP",-37.09349,148.32064,5,East Gippsland BTRW monitoring_EG001A_CAM85058_CARD952_20190317_CamModel_P850_Lure_Lucerne scent lure,17/03/2019, , ,2588, ,Acceptable, 
WG012B,"West Gully, Little River Gorge, Snowy River NP",-37.08944,148.31204,5,East Gippsland BTRW monitoring_WG012B_CAM85055_CARD903_20190316_CamModel_P850_Lure_Lucerne scent lure,16/03/2019, , ,2588, ,Acceptable, 
WG005A,"West Gully, Little River Gorge, Snowy River NP",-37.09015,148.31207,5,East Gippsland BTRW monitoring_WG005A_CAM85052_CARD929_20190316_CamModel_P850_Lure_Lucerne pinata bait,16/03/2019, , ,2588, ,Acceptable, 
WG010A,"West Gully, Little River Gorge, Snowy River NP",-37.09176,148.31637,5,East Gippsland BTRW monitoring_WG010A_CAM85053_CARD942_20190316_CamModel_P850_Lure_Lucerne pinata bait,16/03/2019, , ,2588, ,Acceptable, 
BG005A,"Big Gully, Little River Gorge, Snowy River NP",-37.09495,148.31698,5,East Gippsland BTRW monitoring_BG005A_CAM85049_CARD954_20190315_CamModel_P850_Lure_Lucerne scent lure,15/03/2019, , ,2588, ,Acceptable, 
ER005A,"East Razorback, Little River Gorge, Snowy River NP",-37.08555,148.31677,5,East Gippsland BTRW monitoring_ER005A_CAM85044_CARD937_20190314_CamModel_P850_Lure_Lucerne scent lure,14/03/2019, , ,2588, ,Acceptable, 
ER002B,"East Razorback, Little River Gorge, Snowy River NP",-37.08809,148.3166,5,East Gippsland BTRW monitoring_ER002B_CAM85021_CARD917_20190314_CamModel_P850_Lure_Lucerne scent lure,14/03/2019, , ,2588, ,Acceptable, 
WC005A,"Wulgulmerang Creek, Little River Gorge, Snowy River NP",-37.08515,148.31607,5,East Gippsland BTRW monitoring_WC005A_CAM85024_CARD000_20190314_CamModel_P850_Lure_Lucerne pinata bait,14/03/2019, , ,2588, ,Acceptable, 
Road 53 Kinglake NP,Kinglake National Park,-37.42874,145.21611,5,incidental observation,26/11/2018, , ,1,1,Acceptable, 
Sensitive Record,Location generalised to 1 minute grid,-37.925,146.25833,1000,Milan Stupar Spot tail quoll camera trap record,25/04/2018, , ,3561, ,Confirmed, 
Murray River Rd,Pine Mtn,-36.00215,147.8722,10,Murray River Rd Pine Mtn,25/03/2018, , ,1,1,Acceptable, 
FC005A,"East Razorback, Little River Gorge, Snowy River NP",-37.11234,148.329,5,East Gippsland BTRW monitoring_FC005A_CAM85059_CARD923_20180304_CamModel_P850_Lure_Lucerne scent lure,4/03/2018, , ,2588, ,Acceptable, 
WG014A,"West Gully, Little River Gorge, Snowy River NP",-37.09391,148.31299,5,East Gippsland BTRW monitoring_WG014A_CAM85052_CARD929_20180302_CamModel_P850_Lure_Lucerne pinata bait,2/03/2018, , ,2588, ,Acceptable, 
UpperSnowyQuollProject2017_Site_STQ271,UpperSnowyQuollProject2017_Site_STQ271,-36.96031,148.29732,10,UpperSnowyQuollProject2017_STQ271_85014_825_20170605_CamModel_P850_Lure_Chicken-Pilchard-TunaOil,5/06/2017, , ,4489, ,Acceptable, 
UpperSnowyQuollProject2017_Site_STQ272,UpperSnowyQuollProject2017_Site_STQ272,-36.96555,148.29773,10,UpperSnowyQuollProject2017_STQ272_85035_810_20170605_CamModel_P850_Lure_Chicken-Pilchard-TunaOil,5/06/2017, , ,4489, ,Acceptable, 
UpperSnowyQuollProject2017_Site_STQ280,UpperSnowyQuollProject2017_Site_STQ280,-36.97833,148.30596,10,UpperSnowyQuollProject2017_STQ280_85034_832_20170605_CamModel_P850_Lure_Chicken-Pilchard-TunaOil,5/06/2017, , ,4489, ,Acceptable, 
UpperSnowyQuollProject2017_Site_STQ264,UpperSnowyQuollProject2017_Site_STQ264,-36.95135,148.29452,10,UpperSnowyQuollProject2017_STQ264_85028_828_20170604_CamModel_P850_Lure_Chicken-Pilchard-TunaOil,4/06/2017, , ,4489, ,Acceptable, 
UpperSnowyQuollProject2017_Site_STQ266,UpperSnowyQuollProject2017_Site_STQ266,-36.95596,148.29443,10,UpperSnowyQuollProject2017_STQ266_85026_947_20170604_CamModel_P850_Lure_Chicken-Pilchard-TunaOil,4/06/2017, , ,4489, ,Acceptable, 
UpperSnowyQuollProject2017_Site_STQ236,UpperSnowyQuollProject2017_Site_STQ236,-37.11345,148.29162,10,UpperSnowyQuollProject2017_STQ236_85058_909_20170503_CamModel_P850_Lure_Chicken-Pilchard-TunaOil,3/05/2017, , ,4489, ,Acceptable, 
UpperSnowyQuollProject2017_Site_STQ237,UpperSnowyQuollProject2017_Site_STQ237,-37.1178,148.28942,10,UpperSnowyQuollProject2017_STQ237_SK166_413_20170503_CamModel_P900_Lure_Chicken-Pilchard-TunaOil,3/05/2017, , ,4489, ,Acceptable, 
UpperSnowyQuollProject2017_Site_STQ239,UpperSnowyQuollProject2017_Site_STQ239,-36.89675,148.3412,10,UpperSnowyQuollProject2017_STQ239_85017_960_20170502_CamModel_P850_Lure_Chicken-Pilchard-TunaOil,2/05/2017, , ,4489, ,Acceptable, 
UpperSnowyQuollProject2017_Site_STQ261,UpperSnowyQuollProject2017_Site_STQ261,-36.89668,148.33304,10,UpperSnowyQuollProject2017_STQ261_85039_918_20170502_CamModel_P850_Lure_Chicken-Pilchard-TunaOil,2/05/2017, , ,4489, ,Acceptable, 
UpperSnowyQuollProject2017_Site_STQ259,UpperSnowyQuollProject2017_Site_STQ259,-36.8921,148.33258,10,UpperSnowyQuollProject2017_STQ259_85055_942_20170502_CamModel_P850_Lure_Chicken-Pilchard-TunaOil,2/05/2017, , ,4489, ,Acceptable, 
UpperSnowyQuollProject2017_Site_STQ297,UpperSnowyQuollProject2017_Site_STQ297,-37.14055,148.28931,10,UpperSnowyQuollProject2017_STQ297_85056_905_20170501_CamModel_P850_Lure_Chicken-Pilchard-TunaOil,1/05/2017, , ,4489, ,Acceptable, 
UpperSnowyQuollProject2017_Site_STQ300,UpperSnowyQuollProject2017_Site_STQ300,-37.15158,148.30051,10,UpperSnowyQuollProject2017_STQ300_SK075_215_20170501_CamModel_P900_Lure_Chicken-Pilchard-TunaOil,1/05/2017, , ,4489, ,Acceptable, 
UpperSnowyQuollProject2017_Site_STQ299,UpperSnowyQuollProject2017_Site_STQ299,-37.14578,148.29235,10,UpperSnowyQuollProject2017_STQ299_85051_910_20170501_CamModel_P850_Lure_Chicken-Pilchard-TunaOil,1/05/2017, , ,4489, ,Acceptable, 
EG001A,"East Gully, Little River Gorge, Snowy River NP",-37.09349,148.32064,5,East Gippsland BTRW monitoring_EG001A_CAM85046_CARD931_20170329_CamModel_P850_Lure_Lucerne scent lure,29/03/2017, , ,2588, ,Acceptable, 
Snowy River,Snowy River McKillops Bridge,-37.08826,148.41652,10,Survey 2016,10/07/2016, , ,4566,1,Acceptable, 
"Cottonwood Range Road, DELEGATE RIVER","Cottonwood Range Road, DELEGATE RIVER",-37.1175,148.8232,10,Unknown895-511-0012,17/05/2016, , ,7208,1,Acceptable, 
UpperSnowyQuollProject2016_Site_STQ161,UpperSnowyQuollProject2016_Site_STQ161,-37.02807,148.4488,10,UpperSnowyQuollProject2016_Deployment_STQ161_CAM85041_CARD0918_On_05/05/2016_CamModel_P850_Lure_Chicken-Pilchard-TunaOil,5/05/2016, , ,4489, ,Acceptable, 
UpperSnowyQuollProject2016_Site_STQ106,UpperSnowyQuollProject2016_Site_STQ106,-36.8289,148.21491,10,UpperSnowyQuollProject2016_Deployment_STQ106_CAM85021_CARD0936_On_05/05/2016_CamModel_P850_Lure_Chicken-Pilchard-TunaOil,5/05/2016, , ,4489, ,Acceptable, 
UpperSnowyQuollProject2016_Site_STQ163,UpperSnowyQuollProject2016_Site_STQ163,-36.93768,148.52097,10,UpperSnowyQuollProject2016_Deployment_STQ163_CAM85019_CARD0927_On_05/05/2016_CamModel_P850_Lure_Chicken-Pilchard-TunaOil,5/05/2016, , ,4489, ,Acceptable, 
UpperSnowyQuollProject2016_Site_STQ167,UpperSnowyQuollProject2016_Site_STQ167,-36.99493,148.63834,10,UpperSnowyQuollProject2016_Deployment_STQ167_CAMWURZ3_CARDWUF5_On_04/05/2016_CamModel_H600_Lure_Chicken-Pilchard-TunaOil,4/05/2016, , ,4489, ,Acceptable, 
UpperSnowyQuollProject2016_Site_STQ162,UpperSnowyQuollProject2016_Site_STQ162,-36.97212,148.50224,10,UpperSnowyQuollProject2016_Deployment_STQ162_CAMSK182_CARD0920_On_04/05/2016_CamModel_P900_Lure_Chicken-Pilchard-TunaOil,4/05/2016, , ,4489, ,Acceptable, 
UpperSnowyQuollProject2016_Site_STQ169,UpperSnowyQuollProject2016_Site_STQ169,-37.06397,148.67265,10,UpperSnowyQuollProject2016_Deployment_STQ169_CAMWURZ7_CARDWUL8_On_04/05/2016_CamModel_H600_Lure_Chicken-Pilchard-TunaOil,4/05/2016, , ,4489, ,Acceptable, 
UpperSnowyQuollProject2016_Site_STQ171,UpperSnowyQuollProject2016_Site_STQ171,-37.03168,148.74324,10,UpperSnowyQuollProject2016_Deployment_STQ171_CAM85044_CARD0901_On_04/05/2016_CamModel_P850_Lure_Chicken-Pilchard-TunaOil,4/05/2016, , ,4489, ,Acceptable, 
UpperSnowyQuollProject2016_Site_STQ172,UpperSnowyQuollProject2016_Site_STQ172,-37.06714,148.76602,10,UpperSnowyQuollProject2016_Deployment_STQ172_CAMWURT5_CARDWUE7_On_04/05/2016_CamModel_H500_Lure_Chicken-Pilchard-TunaOil,4/05/2016, , ,4489, ,Acceptable, 
UpperSnowyQuollProject2016_Site_STQ166,UpperSnowyQuollProject2016_Site_STQ166,-36.98547,148.6049,10,UpperSnowyQuollProject2016_Deployment_STQ166_CAM85042_CARD0908_On_04/05/2016_CamModel_P850_Lure_Chicken-Pilchard-TunaOil,4/05/2016, , ,4489, ,Acceptable, 
UpperSnowyQuollProject2016_Site_STQ105,UpperSnowyQuollProject2016_Site_STQ105,-36.86337,148.23578,10,UpperSnowyQuollProject2016_Deployment_STQ105_CAMWURK5_CARDWUW4_On_04/05/2016_CamModel_H600_Lure_Chicken-Pilchard-TunaOil,4/05/2016, , ,4489, ,Acceptable, 
UpperSnowyQuollProject2016_Site_STQ164,UpperSnowyQuollProject2016_Site_STQ164,-36.99919,148.67295,10,UpperSnowyQuollProject2016_Deployment_STQ164_CAM85027_CARD0935_On_04/05/2016_CamModel_P850_Lure_Chicken-Pilchard-TunaOil,4/05/2016, , ,4489, ,Acceptable, 
UpperSnowyQuollProject2016_Site_STQ170,UpperSnowyQuollProject2016_Site_STQ170,-37.01299,148.70197,10,UpperSnowyQuollProject2016_Deployment_STQ170_CAMWURK3_CARDWUF9_On_04/05/2016_CamModel_H500_Lure_Chicken-Pilchard-TunaOil,4/05/2016, , ,4489, ,Acceptable, 
San Remo,San Remo Township,-38.52087,145.36881,10,Incidental Obs 2015,14/04/2016, , ,4569,1,Acceptable,Found dead
Trafalgar,Lochs Creek Rd Trafalgar,-38.20197,146.16922,10,Incidental Obs 2015 reported by Megan Thege,3/04/2016, , ,4569,1,Acceptable, 
Happy Jack Track_Quoll,Amor,-37.9425,146.4104,5,Happy Jack Trk_dog survey,10/02/2016, , ,1,1,Confirmed,Carnivore bait
Quoll record off Dawson Rd Murrindal,Off Dawson Rd Murrindal,-37.41715,148.18696,10,Spot-tailed Quoll - third party report - off Dawson Rd Murrindal,14/12/2015, , ,1,1,Acceptable, 
Bonang,Bonang Rd Bonang,-37.0711,148.78404,10,Incidental Observations reported by Bec Crawford,11/06/2015, , ,4569,1,Acceptable, 
Buchan,Buchan-Gelantipy Rd,-37.4232,148.20307,10,Incidental Observations reported by Paul Sykes,1/05/2015, , ,4569,1,Acceptable, 
Quoll,"Western Hwy, north of Gordon",-37.5692,144.11472,50,Spotted-tailed Quoll,25/03/2015, , ,1,1,Confirmed,Found dead
WG002,WestGully LRG BTRW site,-37.09128,148.31227,10,BTRWallaby Survey 2015,11/03/2015, , ,4566,1,Acceptable, 
WG002,WestGully LRG BTRW site,-37.09128,148.31227,10,BTRWallaby Survey 2015,8/03/2015, , ,4566,1,Acceptable, 
East Gippsland BTRW monitoring_Site_WG002A,East Gippsland BTRW monitoring_Site_WG002A,-37.09128,148.31227,10,East Gippsland BTRW monitoring_WG002A_CAM85025_CARD825_20150306_CamModel_P850_Lure_Lucerne scent lure,6/03/2015, , ,2588, ,Acceptable, 
PatriceVale,PatriceVale,-36.2228,146.949,10,Incidental,3/03/2015, , ,1,1,Confirmed, 
LR002,Little River LRG BTRW site,-37.09708,148.3263,10,BTRWallaby Survey 2014,30/11/2014, , ,4566,1,Acceptable, 
East Gippsland BTRW monitoring_Site_LR002A,East Gippsland BTRW monitoring_Site_LR002A,-37.09708,148.3263,10,East Gippsland BTRW monitoring_LR002A_CAM85024_CARD808_20141108_CamModel_P850_Lure_Lucerne pinata bait,8/11/2014, , ,2588, ,Acceptable, 
LR002,Little River LRG BTRW site,-37.09708,148.3263,10,BTRWallaby Survey 2014,7/08/2014, , ,4566,1,Acceptable, 
FC004,Farm Creek LRG BTRW site,-37.10865,148.32727,10,BTRWallaby Survey 2014,20/07/2014, , ,4566,1,Acceptable, 
FC005A,"East Razorback, Little River Gorge, Snowy River NP",-37.11234,148.329,5,East Gippsland BTRW monitoring_FC005A_CAM85015_CARD816_20140720_CamModel_P850_Lure_Lucerne scent lure,20/07/2014, , ,2588, ,Acceptable, 
FC005,Farm Creek LRG BTRW site,-37.11234,148.329,10,BTRWallaby Survey 2014,20/07/2014, , ,4566,1,Acceptable, 
LR001,Little River LRG BTRW site,-37.09997,148.32835,10,BTRWallaby Survey 2014,20/07/2014, , ,4566,1,Acceptable, 
East Gippsland BTRW monitoring_Site_FC004A,East Gippsland BTRW monitoring_Site_FC004A,-37.10865,148.32727,10,East Gippsland BTRW monitoring_FC004A_CAM85014_CARD815_20140720_CamModel_P850_Lure_Lucerne scent lure,20/07/2014, , ,2588, ,Acceptable, 
LR002,Little River LRG BTRW site,-37.09708,148.3263,10,BTRWallaby Survey 2014,20/07/2014, , ,4566,1,Acceptable, 
East Gippsland BTRW monitoring_Site_LR002A,East Gippsland BTRW monitoring_Site_LR002A,-37.09708,148.3263,10,East Gippsland BTRW monitoring_LR002A_CAM85011_CARD813_20140719_CamModel_P850_Lure_Lucerne pinata bait,19/07/2014, , ,2588, ,Acceptable, 
LR006,Little River LRG BTRW site,-37.09839,148.32799,10,BTRWallaby Survey 2014,18/07/2014, , ,4566,1,Acceptable, 
LR006A,"Little River Site, Little River Gorge, Snowy River NP",-37.09839,148.32799,5,East Gippsland BTRW monitoring_LR006A_CAM85022_CARD805_20140717_CamModel_P850_Lure_Lucerne scent lure,17/07/2014, , ,2588, ,Acceptable, 
East Gippsland BTRW monitoring_Site_LR001A,East Gippsland BTRW monitoring_Site_LR001A,-37.09997,148.32835,10,East Gippsland BTRW monitoring_LR001A_CAM85019_CARD807_20140717_CamModel_P850_Lure_Lucerne pinata bait,17/07/2014, , ,2588, ,Acceptable, 
WG002,WestGully LRG BTRW site,-37.09128,148.31227,10,BTRWallaby Survey 2014,9/07/2014, , ,4566,1,Acceptable, 
East Gippsland BTRW monitoring_Site_WG002A,East Gippsland BTRW monitoring_Site_WG002A,-37.09128,148.31227,10,East Gippsland BTRW monitoring_WG002A_CAM85022_CARD827_20140619_CamModel_P850_Lure_Lucerne scent lure,19/06/2014, , ,2588, ,Acceptable, 
Plot 8,Plot 8 Mt Elizabeth LMB,-37.48419,147.91627,10,Mt Elizabeth LMB 2014,27/03/2014, , ,2944,1,Acceptable, 
Plot 10,Plot 10 Mt Elizabeth LMB,-37.52082,147.88273,10,Mt Elizabeth LMB 2014,21/03/2014, , ,2944,1,Acceptable, 
Brush-tailed Rock-wallaby Reintroduciton site_remote camera,"Moora Moora Creek, Grampians NP",-37.2015,142.43391,5,Brush-tailed Rock-wallaby site_Remote camera,25/09/2013, , ,1,1,Acceptable, 
Brush-tailed Rock-wallaby site_Remote Camera,"Moora Moora Creek, Grampians NP",-37.2022,142.4327,5,Brush-tailed Rock-wallay remote cameras,22/09/2013, , ,1,1,Acceptable, 
LRG BTRW,Splash Gully LRG BTRW site,-37.09531,148.31274,10,BTRWallaby Survey 2013,26/04/2013, , ,4566,1,Acceptable, 
Tiger Quoll,Between Elliot River and Stony Creek,-38.7991,143.6022,10,Tiger Quoll,10/05/2012, , ,1, ,Acceptable, 
Burnbank property,"24 Wilson's Rd, Burnbank. Property near the corner of Lexton-Talbot Rd and Wilsons Rd.",-37.2331,143.60694,500,Burnbank - trapped quoll on private property,1/04/2012, , ,4019,1,Confirmed, 
Perry River Bridge,Providence Ponds,-37.92105,147.27493,20,General Observation,28/03/2012, , ,1,1,Acceptable,Found dead
Victoria Range,Grampians National Park,-37.2275,142.29044,5,Grampians rock-shelter survey,1/12/2011, , ,1,1,Acceptable,Found dead
~7 Km NW of Merton,Euroa-Murton Road,-36.93296,145.66422,50,Bertram Lobert - pers. comms.,15/11/2011, , ,1,1,Acceptable, 
LRG BTRW,WestGully LRG BTRW site,-37.09027,148.31178,10,BTRWallaby Survey 2011,5/10/2011, , ,4566,1,Acceptable, 
Wymah Ferry,Wierside plantation at Wymah Ferry on Vic side,-36.0436,147.2642,50,General Observation,22/09/2011, , ,1,1,Acceptable, 
Edi-Cheshunt Road,1350 Edi - Cheshunt Rd Whitefield.,-36.7373,146.4264,5,Scat analysis 2011,25/08/2011, , ,2278, ,Acceptable, 
Edi Cheshunt Rd,1350 Edi Cheshunt Rd,-36.7373,146.4264,5,Spot-tailed Quoll guard hair record,25/08/2011, , ,1, ,Acceptable, 
WTree - TullochArd - CameraMonitoring_Site_STQ051B,WTree - TullochArd - CameraMonitoring_Site_STQ051B,-37.287,148.32838,10,WTree - TullochArd - CameraMonitoring_Site_STQ051B_20110510__Lure_chicken wings - pilchards - tuna oil,10/05/2011, , ,4559, ,Acceptable, 
FFSURVEYID 3156149,Tulloch Ard State Forest/Snowy River National Park,-37.28693,148.3283,15,ARI Fauna Surveys; Gelantip Community Baiting Program Wtree,10/05/2011, , ,4108, ,Acceptable, 
LRG BTRW,Wulgulmerang Creek BTRW site,-37.08519,148.31584,10,BTRWallaby Survey 2010,30/11/2010, , ,4566,1,Acceptable, 
Little River Gorge - ad hoc remote camera deployment position,Little River Gorge - on river between East Gully and West Gully,-37.09052,148.31475,10,BTRW remote camera survey - quoll record on river between West Gully and East Gully,20/05/2010, , ,4566,1,Acceptable, 
Little River Gorge - Big Gully - BTRW trap location,BTRW trap in Big Gully,-37.09761,148.31825,10,BTRW trapping - Spot-tailed Quoll in cage trap,6/05/2010, , ,4566,1,Acceptable, 
 ,"Near int of Mount Little Dick Rd and Great Alpine Rd, Bruthen",-37.68454,147.84197,100,369123,19/04/2010, , ,1,1,Confirmed,Found dead
LRG BTRW,Quoll Gully LRG BTRW site,-37.09696,148.32627,10,BTRWallaby Survey 2009,15/09/2009, , ,4566,1,Acceptable, 
"Mount Stradbroke, Alpine National Park","Mount Stradbroke, Alpine National Park",-36.9515,148.27492,5,"Spot-tailed Quoll camera survey - Mount Stradbroke, Alpine NP, 2009",20/06/2009, , ,3824, ,Acceptable, 
FFSURVEYID 3156148,Alpine National Park,-36.95152,148.27492,15,ARI Fauna Surveys; Snowy River STQ survey 09,20/06/2009, , ,4108, ,Confirmed, 
"Ingeegoodbee Track, Alpine National Park","Ingeegoodbee Track, Alpine National Park",-36.8921,148.33258,5,"Spot-tailed Quoll camera survey - Ingeegoodbee Track, Alpine NP, 2009",28/05/2009, , ,3824, ,Acceptable, 
"Ingeegoodbee Track, Alpine National Park","Ingeegoodbee Track, Alpine National Park",-36.8788,148.33806,5,"Spot-tailed Quoll camera survey - Ingeegoodbee Track, Alpine NP, 2009",28/05/2009, , ,3824, ,Acceptable, 
FFSURVEYID 3156147,Alpine National Park,-36.8921,148.33258,15,ARI Fauna Surveys; Snowy River STQ survey 09,28/05/2009, , ,4108, ,Acceptable, 
FFSURVEYID 3156146,Alpine National Park,-36.87883,148.33806,15,ARI Fauna Surveys; Snowy River STQ survey 09,28/05/2009, , ,4108, ,Acceptable, 
FFSURVEYID 3156142,Alpine National Park,-37.04123,148.32406,15,ARI Fauna Surveys; Snowy River STQ survey 09,27/05/2009, , ,4108, ,Acceptable, 
"Milky Creek Tk, Alpine National Park","Milky Creek Tk, Alpine National Park",-37.0412,148.32406,5,"Spot-tailed Quoll camera survey - Milky Creek Tk, Alpine NP, 2009",27/05/2009, , ,3824, ,Acceptable, 
FFSURVEYID 3156143,Alpine National Park,-37.04991,148.33533,15,ARI Fauna Surveys; Snowy River STQ survey 09,27/05/2009, , ,4108, ,Acceptable, 
FFSURVEYID 3156144,Alpine National Park,-37.05204,148.34113,15,ARI Fauna Surveys; Snowy River STQ survey 09,27/05/2009, , ,4108, ,Acceptable, 
"Rocky Range Track, Alpine National Park","Rocky Range Track, Alpine National Park",-37.0531,148.34604,5,"Spot-tailed Quoll camera survey - Rocky Range Track, Alpine NP, 2009",27/05/2009, , ,3824, ,Acceptable, 
"Rocky Range Track, Alpine National Park","Rocky Range Track, Alpine National Park",-37.052,148.34113,5,"Spot-tailed Quoll camera survey - Rocky Range Track, Alpine NP, 2009",27/05/2009, , ,3824, ,Acceptable, 
FFSURVEYID 3156145,Alpine National Park,-37.05306,148.34604,15,ARI Fauna Surveys; Snowy River STQ survey 09,27/05/2009, , ,4108, ,Acceptable, 
"Rocky Range Track, Alpine National Park","Rocky Range Track, Alpine National Park",-37.0499,148.33533,5,"Spot-tailed Quoll camera survey - Rocky Range Track, Alpine NP, 2009",27/05/2009, , ,3824, ,Acceptable, 
FFSURVEYID 3156140,Alpine National Park,-37.0727,148.33022,15,ARI Fauna Surveys; Snowy River STQ survey 09,26/05/2009, , ,4108, ,Acceptable, 
"Rocky Range Track, Alpine National Park","Rocky Range Track, Alpine National Park",-37.0727,148.33022,5,"Spot-tailed Quoll camera survey - Rocky Range Track, Alpine NP, 2009",26/05/2009, , ,3824, ,Acceptable, 
"Rocky Range Track, Alpine National Park","Rocky Range Track, Alpine National Park",-37.0792,148.33308,5,"Spot-tailed Quoll camera survey - Rocky Range Track, Alpine NP, 2009",26/05/2009, , ,3824, ,Acceptable, 
FFSURVEYID 3156141,Alpine National Park,-37.0792,148.33308,15,ARI Fauna Surveys; Snowy River STQ survey 09,26/05/2009, , ,4108, ,Acceptable, 
 ,Mitchell River Silt Jetties,-37.87519,147.7027,100,132862,18/06/2008, , ,1,1,Acceptable, 
 ,Heywood-Ettrick Rd,-38.16654,141.77253,100,132827,6/04/2008, , ,1, ,Acceptable, 
 ,N end of Whistler and Masons Rd; Narrawong,-38.23632,141.71271,100,132811,7/03/2008, , ,1, ,Acceptable, 
 ,Brandy Creek mine,-37.006,147.19666,100,353041,3/12/2007, , ,2676,1,Acceptable, 
421431,VIC NSW buff      ,-36.7599,148.42342,30,NSW BioNet Atlas of NSW Wildlife - Fauna; Default Incidental Sightings 421431,1/08/2007, , ,4262, ,Acceptable, 
421273,VIC NSW buff      ,-36.76304,148.42513,30,NSW BioNet Atlas of NSW Wildlife - Fauna; Default Incidental Sightings 421273,25/07/2007, , ,4262, ,Acceptable, 
 ,5 MILE TK,-37.6754,147.56189,100,132456,10/04/2007, , ,1,1,Acceptable, 
FFSURVEYID 3156136,Snowy River National park,-37.07765,148.33044,15,ARI Fauna Surveys; Snowy River STQ survey,1/11/2006, , ,4108, ,Acceptable, 
FFSURVEYID 3156137,Snowy River National park,-37.07498,148.32764,15,ARI Fauna Surveys; Snowy River STQ survey,1/11/2006, , ,4108, ,Acceptable, 
FFSURVEYID 3156139,Snowy River National park,-37.07751,148.3187,15,ARI Fauna Surveys; Snowy River STQ survey,1/11/2006, , ,4108, ,Acceptable, 
FFSURVEYID 3156138,Snowy River National park,-37.07699,148.31785,15,ARI Fauna Surveys; Snowy River STQ survey,1/11/2006, , ,4108, ,Acceptable, 
FFSURVEYID 3156134,Snowy River National park,-37.05982,148.31881,15,ARI Fauna Surveys; Snowy River STQ survey,25/10/2006, , ,4108, ,Acceptable, 
 ,Intersection of Sunraysia Hwy & settlement road about 1.6 km sth east of the township of Waubra,-37.36694,143.65583,900,132325,2/10/2006, , ,1,1,Acceptable,Found dead
"Sunraysia Hwy, Waubra.","Intersection of Sunraysia Hwy and Settlement Rd, about 1.6km SE of the township of Waubra.",-37.3669,143.65611,50,Spotted quoll_roadkill near Waubra,2/10/2006, , ,4019,1,Confirmed,Found dead
 ,Ada Divide Tk. N of Barrs Rd,-37.43664,148.85914,100,355811,12/09/2006, , ,2586, ,Acceptable,In predator scat
"Little River Tk, Snowy River National Park","Little River Tk, Snowy River National Park",-37.1055,148.37821,5,"Spot-tailed Quoll camera surveys - Little River Tk, Snowy River NP, 2006",11/08/2006, , ,3824, ,Acceptable, 
"McKillops Rd, Snowy River National Park","McKillops Rd, Snowy River National Park",-37.0872,148.35564,5,"Spot-tailed Quoll camera surveys - McKillops Rd, Snowy River NP, 2006",10/08/2006, , ,3824, ,Acceptable, 
FFSURVEYID 3156129,Snowy River National park,-37.08724,148.35564,15,ARI Fauna Surveys; Snowy River STQ survey 06,10/08/2006, , ,4108, ,Acceptable, 
FFSURVEYID 3156127,Alpine National Park,-37.07012,148.33317,15,ARI Fauna Surveys; Snowy River STQ survey 06,8/08/2006, , ,4108, ,Acceptable, 
FFSURVEYID 3156130,Snowy River National park,-37.07861,148.32016,15,ARI Fauna Surveys; Snowy River STQ survey,8/08/2006, , ,4108, ,Acceptable, 
"Rocky Range Tk, Alpine National park","Rocky Range Tk, Alpine National Park",-37.0701,148.33317,5,"Spot-tailed Quoll camera surveys - Rocky Range Tk, Alpine NP, 2006",8/08/2006, , ,3824, ,Acceptable, 
FFSURVEYID 3156133,Alpine National Park,-36.88495,148.33549,15,ARI Fauna Surveys; Snowy River STQ survey,8/08/2006, , ,4108, ,Acceptable, 
FFSURVEYID 3156132,Snowy River National park,-37.062,148.31391,15,ARI Fauna Surveys; Snowy River STQ survey,8/08/2006, , ,4108, ,Acceptable, 
FFSURVEYID 3156126,Alpine National Park,-37.06129,148.33297,15,ARI Fauna Surveys; Snowy River STQ survey 06,8/08/2006, , ,4108, ,Acceptable, 
FFSURVEYID 3156131,Snowy River National park,-37.07752,148.32867,15,ARI Fauna Surveys; Snowy River STQ survey,8/08/2006, , ,4108, ,Acceptable, 
FFSURVEYID 3156128,Alpine National Park,-37.05149,148.34374,15,ARI Fauna Surveys; Snowy River STQ survey 06,8/08/2006, , ,4108, ,Acceptable, 
"Rocky Range Tk, Alpine National park","Rocky Range Tk, Alpine National Park",-37.0613,148.33297,5,"Spot-tailed Quoll camera surveys - Rocky Range Tk, Alpine NP, 2006",8/08/2006, , ,3824, ,Acceptable, 
Little River Gorge - West Gully - camera position near trap 4,BTRW remote camera deployment location in West Gully,-37.09023,148.3119,10,BTRW remote camera survey - quoll record in West Gully,14/07/2006, , ,4566,1,Acceptable, 
FFSURVEYID 3156125,Errinundra Plateau,-37.29154,148.99187,15,ARI Fauna Surveys; Errinundra STQ survey,6/05/2006, , ,4108, ,Acceptable, 
"Coast Range Rd, Errinundra NP","Coast Range Rd, Errinundra National Park",-37.2915,148.99187,20,"Spot-tailed Quoll survey - Coast Range Rd, Errinundra NP, 2006",6/05/2006, , ,3824, ,Acceptable, 
"Hensleigh Creek Rd, Errinundra NP","Hensleigh Creek Rd, Errinundra National Park",-37.2777,148.96828,20,"Spot-tailed Quoll survey - Hensleigh Creek Rd, Errinundra NP, 2006",4/05/2006, , ,3824, ,Acceptable,Carnivore bait
FFSURVEYID 3156124,Errinundra Plateau,-37.27774,148.96828,15,ARI Fauna Surveys; Errinundra STQ survey,4/05/2006, , ,4108, ,Acceptable, 
 ,Alps,-37.09781,148.32856,100,322815,21/04/2006, , ,2588, ,Acceptable, 
 ,Colin Koch's Property on Pyramid - Yarraberb Road: Yarraberb. (4.5km north of Loddon Valley Hwy),-36.57424,144.14071,100,313956,7/04/2006, , ,1,1,Acceptable, 
 ,POWELLTOWN ROAD: EAST OF TURNERS ROAD,-37.86909,145.8035,100,132158,15/02/2006, , ,1,1,Acceptable, 
 ,WEST TRACK 30KM NW OF ORBOST,-37.45846,148.34252,100,132024,31/10/2005, , ,2676,1,Acceptable, 
 ,BEECHWORTH/WANGARATTA RD 900M WEST OF MCCLAY RD,-36.38349,146.5837,1000,132094,9/09/2005, , ,1,1,Acceptable,Found dead
 ,THE BLUFF HILL,-37.1082,148.32824,100,322792,17/08/2005, , ,2588,1,Acceptable, 
393167,VIC NSW buff      ,-36.75715,148.43546,100,NSW BioNet Atlas of NSW Wildlife - Fauna; Default Incidental Sightings 393167,20/07/2005, , ,4262, ,Acceptable, 
392951,VIC NSW buff      ,-36.76509,148.42658,100,NSW BioNet Atlas of NSW Wildlife - Fauna; Default Incidental Sightings 392951,12/07/2005, , ,4262, ,Acceptable, 
 ,Creswick-Newstead Road: S of Sandon,-37.17727,143.66929,100,301443,28/05/2005, , ,1,1,Acceptable, 
 ,Murray Valley Hwy: near Tatonga Inlet Hume Weir,-36.20183,147.25209,100,131788,22/05/2005, , ,1,1,Confirmed,Found dead
391725,VIC NSW buff      ,-36.75992,148.43269,100,NSW BioNet Atlas of NSW Wildlife - Fauna; Default Incidental Sightings 391725,12/05/2005, , ,4262, ,Acceptable, 
 ,THE SENTINALS,-37.55412,146.80031,900,132343,22/04/2005, , ,1, ,Acceptable, 
390519,VIC NSW buff      ,-36.76668,148.42557,10,NSW BioNet Atlas of NSW Wildlife - Fauna; Default Incidental Sightings 390519,3/04/2005, , ,4262, ,Acceptable, 
 ,Junc Princess Highway at Stoney Rise at Tyrendarra,-38.21795,141.76737,100,131476,5/11/2004, , ,1,1,Acceptable, 
 ,"1.5 km N of Pinch River: Suggan Buggan, NSW",-36.78329,148.41389,900,131487,1/11/2004, , ,1,1,Acceptable, 
378400,VIC NSW buff      ,-36.78247,148.41705,30,NSW BioNet Atlas of NSW Wildlife - Fauna; Default Incidental Sightings 378400,22/06/2004, , ,4262, ,Acceptable, 
 ,Alpine National Park,-36.8888,148.33167,100,311397,16/06/2004, , ,2580,1,Acceptable, 
378294,VIC NSW buff      ,-36.76,148.42337,30,NSW BioNet Atlas of NSW Wildlife - Fauna; Default Incidental Sightings 378294,15/06/2004, , ,4262, ,Acceptable, 
378293,VIC NSW buff      ,-36.76093,148.42425,30,NSW BioNet Atlas of NSW Wildlife - Fauna; Default Incidental Sightings 378293,15/06/2004, , ,4262, ,Acceptable, 
378292,VIC NSW buff      ,-36.76327,148.42499,30,NSW BioNet Atlas of NSW Wildlife - Fauna; Default Incidental Sightings 378292,15/06/2004, , ,4262, ,Acceptable, 
 ,approximately 1.5 km SW of Rawson,-37.96733,146.39162,100,301444,26/05/2004, , ,2676, ,Acceptable, 
377217,VIC NSW buff      ,-36.76483,148.42645,30,NSW BioNet Atlas of NSW Wildlife - Fauna; Default Incidental Sightings 377217,13/05/2004, , ,4262, ,Acceptable, 
 ,13.3 km SSW of Mt Jeffcott,-36.42018,143.08552,900,131818,1/05/2004, , ,1,1,Acceptable, 
 ,Genoa-Mallacoota Rd: Near Cape Horn Bay,-37.49703,149.67146,9000,131243,19/04/2004, , ,1,1,Acceptable,Found dead
 ,Little Ada Creek: off Errinundra Road,-37.39834,148.90436,900,130967,1/02/2004, , ,2676,1,Acceptable, 
 ,Nink's Road: St Andrews,-37.55053,145.32524,100,92345,3/12/2003, , ,1,1,Confirmed, 
 ,Albers Road: Beaconsfield Upper,-37.98417,145.40083,100,88902,19/06/2003, , ,1,1,Acceptable, 
Lukes Gully,"Approximately 300m west of Little River, east of Farm Rd/McKillops Rd Junction",-37.09097,148.31113,100,Spot-tailed Quoll scat detections during Brush-tailed Rock-wallaby Surveys Little River Gorge 2003,3/06/2003, , ,4687, ,Acceptable,In predator scat
 ,Lake Condah: Mt Eccles lava flow,-38.07804,141.80011,100,96756,1/05/2003, , ,1, ,Acceptable, 
 ,Lake Condah: Mt Eccles lava flow,-38.07811,141.78871,100,96755,1/05/2003, , ,1, ,Acceptable, 
 ,"100yds West of 'Stringy's Tree': Cobboboonee Rd, H",-38.14472,141.4676,100,130570,27/04/2003, , ,1,1,Acceptable,No longer present at site
351770,VIC NSW buff      ,-36.76015,148.42305,100,NSW BioNet Atlas of NSW Wildlife - Fauna; Default Incidental Sightings 351770,11/07/2002, , ,4262, ,Acceptable, 
351769,VIC NSW buff      ,-36.76031,148.42589,100,NSW BioNet Atlas of NSW Wildlife - Fauna; Default Incidental Sightings 351769,11/07/2002, , ,4262, ,Acceptable, 
351768,VIC NSW buff      ,-36.76113,148.4241,100,NSW BioNet Atlas of NSW Wildlife - Fauna; Default Incidental Sightings 351768,11/07/2002, , ,4262, ,Acceptable, 
 ,Rawson,-37.95563,146.39514,100,125544,11/11/2001, , ,1,1,Confirmed, 
 ,N of Seninis Track: Moondarra State Park,-38.01938,146.34904,100,125543,27/09/2001, , ,2676,1,Acceptable, 
 ,Bogong High Plains Rd:btw Bogong Village & Howmans,-36.81852,147.22943,100,91206,7/08/2001, , ,1,1,Acceptable, 
 ,2.1 km WNW of Bull Hill,-36.6821,147.34991,100,91205,15/07/2001, , ,2676, ,Acceptable, 
Tongi Jungle,Harrys Tk Tongi Jungle,-37.46105,149.07935,10,LFPotoroo Survey,15/06/2001, , ,2551,1,Acceptable, 
 ,Curry Ck 1km SE of Helipad on St Helena Spur Track,-37.1692,148.32532,4500,124783,23/04/2001, , ,1,7,Acceptable, 
 ,Quartz Ck Rd: 1 km NW of bridge over Rubicon River,-37.39896,145.83813,100,124809,18/03/2001, , ,1,1,Acceptable, 
 ,Little River: 3 km E of Round Hill,-37.09524,148.32965,900,124731,22/02/2001, , ,1,10,Acceptable, 
 ,Goolengook Forest Block,-37.4534,148.84245,900,60939,21/08/2000, , ,1,1,Acceptable, 
 ,Pocky Plains Creek:9.5 km W of Mount Menaak,-36.89972,148.23871,900,123697,22/05/2000, , ,1, ,Acceptable, 
 ,Old Coast Road: 500M E of Tonghi Creek,-37.60853,149.10455,900,124136,1/04/2000, , ,1,1,Acceptable, 
 ,Comberland River: Yannathan Falls,-38.56883,143.8474,100,60946,15/03/2000, , ,2676, ,Acceptable, 
 ,Timms Spur,-36.79312,147.30109,100,60947,10/03/2000, , ,2676, ,Acceptable, 
 ,Farmck Wulgulmerang,-37.11419,148.32773,4500,123929,26/01/2000, , ,2676, ,Acceptable, 
 ,Dingo Creek: Wonyip,-38.55852,146.38782,100,124001,3/11/1999, , ,2675, ,Acceptable, 
 ,Princess Margaret Rose Caves: Nelson,-38.04021,141.02638,900,123055,23/10/1999, , ,1,1,Acceptable,Sub fossil
 ,Lake Tyers,-37.85392,148.08741,4500,122707,26/07/1999, , ,1,1,Acceptable,Found dead
 ,Red Bluff to Lake Bunga: 5 km E of Lakes Entrance,-37.86588,148.06144,4500,122672,3/07/1999, , ,1,1,Acceptable, 
 ,3 km W of Mount Hamilton,-37.00856,148.2607,4500,122681,19/06/1999, , ,1,1,Acceptable, 
 ,Gunmark Road: Errinundra Plateau,-37.26299,148.85809,900,122265,10/02/1999, , ,2675,1,Acceptable, 
 ,Gunmark Road: Errinundra Plateau,-37.26299,148.85809,900,122265,10/02/1999, , ,2675, ,Acceptable, 
 ,2.2 km SE of Forrest,-38.52983,143.74493,1000,123493,13/01/1999, , ,1,2,Acceptable, 
 ,2.2 km SE of Forrest,-38.52983,143.74493,1000,123493,13/01/1999, , ,1,1,Acceptable, 
 ,15 km SW of Heywood,-38.14474,141.46417,100,121925,15/12/1998, , ,2675, ,Acceptable, 
 ,7 km S of Gellibrand,-38.58971,143.5268,100,123124,1/10/1998, , ,1,1,Acceptable, 
 ,7 km S of Gellibrand,-38.58971,143.5268,100,123124,1/10/1998, , ,1,2,Acceptable, 
 ,S of Secrect Beach: Mallacoota,-37.62128,149.71556,4500,121010,19/05/1998, , ,1,1,Acceptable, 
 ,N of Tyrendarra,-38.22174,141.87022,100,121160,28/04/1998, , ,2675,10,Acceptable,In predator scat
 ,Lecthland Reserve,-38.42734,144.15514,100,121005,18/04/1998, , ,1,1,Acceptable, 
 ,Spring Gale,-37.77208,149.41116,4500,121011,7/04/1998, , ,1,1,Acceptable, 
 ,Stanley-Bald Hills East,-36.44621,146.77529,100,121789,27/03/1998, , ,2675,1,Acceptable,Found dead
 ,Stanley-Bald Hills East,-36.44531,146.77641,100,32956,27/03/1998, , ,2675,1,Acceptable, 
 ,Mary D White Heathland Reserve,-38.41654,144.15556,100,66112,1/03/1998, , ,2675, ,Acceptable, 
 ,BEECHWORTH-YACKANDANDAH RD & BEECHWORTH-WODONGA RD INTERSECTION,-36.27662,146.80235,900,132406,1/01/1998, , ,1,1,Acceptable, 
479200,VIC NSW buff      ,-37.41647,149.75693,10,NSW BioNet Atlas of NSW Wildlife - Fauna; State Forests February 2010 Supply 479200,4/09/1997, , ,4262,1,Acceptable, 
479037,VIC NSW buff      ,-37.357,149.8039,100,NSW BioNet Atlas of NSW Wildlife - Fauna; State Forests February 2010 Supply 479037,21/08/1997, , ,4262,1,Acceptable, 
 ,Mount Everard: Croajingolong National Park,-37.71594,149.28909,4500,120165,22/06/1997, , ,1,1,Acceptable, 
 ,Junc of Bonang Highway & Copper Ore Creek,-37.52544,148.53076,4500,119917,16/05/1997, , ,1,1,Acceptable, 
 ,Goolengook River,-37.44985,148.83897,900,119741,30/03/1997, , ,1,1,Acceptable, 
 ,Eagles Peaks,-37.24733,146.42565,100,120386,18/03/1997, , ,2675, ,Acceptable, 
297520,VIC NSW buff      ,-36.98556,148.67759,100,NSW BioNet Atlas of NSW Wildlife - Fauna; Default Incidental Sightings 297520,1/02/1997, , ,4262, ,Acceptable, 
Mt William,Approximately 1.2km downstream of Little River/Snowy River Junction on eastern side of Snowy River. Upslope on cliff faces with multiple ledges,-37.14038,148.36366,100,Spot-tailed Quoll scat detections during Brush-tailed Rock-wallaby surveys 1996,1/09/1996, , ,4687, ,Acceptable,In predator scat
Musk Creek,"Upper escarpment, WNW of Mackiesons Spur Helipad",-37.11339,148.43633,100,Spot-tailed Quoll scat detections during Brush-tailed Rock-wallaby surveys 1996,1/09/1996, , ,4687, ,Acceptable,In predator scat
Upper Boundary Creek,"Large ledge above creek, north of Points Rd Gelantipy",-37.12062,148.27663,100,Spot-tailed Quoll scat detections during Brush-tailed Rock-wallaby surveys 1996,1/09/1996, , ,4687, ,Acceptable,In predator scat
Hanging Rock,Approximately 200m north of end of Hanging Rock Tk,-37.02194,148.31657,100,Spot-tailed Quoll scat detections during Brush-tailed Rock-wallaby surveys 1994,1/09/1996, , ,4687, ,Acceptable,In predator scat
 ,Tingaringy Track: Tingaringy National Park,-37.02618,148.72303,900,120166,14/03/1996, , ,2675,1,Acceptable, 
 ,Old Coast Road,-37.67669,149.07246,4500,120163,27/02/1996, , ,1,1,Acceptable, 
 ,Snowy Track: Tingaringy National Park,-36.93629,148.43356,4500,120164,22/02/1996, , ,1,1,Acceptable, 
 ,Mount William: Snowy River National Park,-37.14167,148.36875,4500,120162,20/02/1996, , ,1,1,Acceptable, 
 ,Armstrongs Track: 4.5 km NE of Mount Bulla Bulla,-37.02802,148.45102,4500,120160,8/02/1996, , ,1,1,Acceptable, 
 ,Armstrongs Track: 3.5 km S of Mount Taylor,-37.0061,148.4742,4500,120161,8/02/1996, , ,1,1,Acceptable, 
 ,Blackguard Gully Track,-36.97328,148.5039,4500,120159,7/02/1996, , ,1,1,Acceptable, 
 ,'Wallaby Rock': Tingaringy National Park,-36.99403,148.57173,4500,120158,25/01/1996, , ,1,5,Acceptable, 
 ,Suggan Buggan,-36.95953,148.29359,4500,47012,1/01/1996, , ,2668,1,Confirmed, 
 ,9 km N of Lakes Entrance,-37.79148,148.01495,900,118440,29/12/1995, , ,1,1,Acceptable, 
 ,Deddick Trail,-37.12044,148.41114,4500,120153,10/10/1995, , ,1,1,Acceptable, 
476457,VIC NSW buff      ,-37.31372,149.56276,10,NSW BioNet Atlas of NSW Wildlife - Fauna; State Forests February 2010 Supply 476457,5/09/1995, , ,4262,1,Acceptable, 
476456,VIC NSW buff      ,-37.31001,149.52591,10,NSW BioNet Atlas of NSW Wildlife - Fauna; State Forests February 2010 Supply 476456,4/09/1995, , ,4262,1,Acceptable, 
 ,Griffiths Lane: Laceby,-36.49037,146.30513,100,115855,12/07/1995, , ,1,1,Acceptable,Found dead
 ,just N of Suggan Buggan River,-36.95105,148.32714,4500,115443,20/04/1995, , ,1,1,Acceptable, 
 ,Chandler Reserve: Emerald,-37.92282,145.46359,100,115431,1/03/1995, , ,1,1,Acceptable, 
 ,Lauries Track: Tingaringy National Park,-36.97734,148.53881,900,120157,23/02/1995, , ,1,1,Acceptable, 
 ,Lauries Track: Tingaringy National Park,-36.98748,148.58958,4500,120156,18/02/1995, , ,1,1,Acceptable, 
 ,Lauries Track: Tingaringy National Park,-36.98759,148.58171,900,120155,16/02/1995, , ,2675,1,Acceptable, 
 ,Blackguard Gully Track: Tingaringy National Park,-36.96429,148.50148,4500,120154,9/02/1995, , ,1,1,Acceptable, 
 ,Armstrong Track: Tingaringy National Park,-36.96438,148.49474,4500,120151,9/02/1995, , ,1,1,Acceptable, 
 ,Blackevard Gully Track: Tingaringy National Park,-36.96694,148.50603,4500,120152,9/02/1995, , ,1,1,Acceptable, 
 ,Suggan Buggan,-36.95953,148.29359,4500,47011,1/01/1995, , ,2668,3,Confirmed, 
 ,Suggan Buggan,-36.95953,148.29359,4500,47011,1/01/1995, , ,2668,1,Confirmed, 
 ,6 km W of Suggan Buggan,-36.94455,148.26189,4500,115475,1/01/1995, , ,1, ,Acceptable, 
 ,Yackandandah Creek,-36.22193,146.98623,100,115025,21/10/1994, , ,1,1,Acceptable, 
 ,Deddick Tip,-37.07467,148.46878,4500,114755,21/10/1994, , ,1,1,Acceptable, 
 ,Indigo Creek Road,-36.22625,146.78705,100,114640,5/10/1994, , ,1,1,Acceptable,Breeding
 ,Indigo Creek Road,-36.22625,146.78705,100,114640,5/10/1994, , ,1,2,Acceptable, 
 ,500 M E of Mount St Gwinear: Baw Baw Plateau,-37.83173,146.31774,100,114316,4/09/1994, , ,1, ,Acceptable, 
 ,Gundowring Upper,-36.47073,147.08441,100,115026,1/09/1994, , ,1,1,Acceptable, 
 ,Mount William: Snowy River,-37.13978,148.37547,4500,114033,25/05/1994, , ,1, ,Acceptable, 
 ,Mount Stradbroke,-36.95953,148.29359,4500,114034,18/05/1994, , ,1,4,Acceptable, 
 ,James Creek: 5 km SE of Cobberas No1,-36.8883,148.21047,4500,114031,12/05/1994, , ,1, ,Acceptable, 
 ,James Creek: 5 km SE of Cobberas No1,-36.88811,148.22842,4500,114032,11/05/1994, , ,1, ,Acceptable, 
 ,James Creek: 5 km SE of Cobberas No1,-36.8881,148.22954,900,114035,11/05/1994, , ,1, ,Acceptable, 
James Creek,"South of James Creek, approximately 4km west of Suggan Buggan River",-36.88876,148.20992,100,Spot-tailed Quoll scat detections during Brush-tailed Rock-wallaby surveys 1994,9/05/1994, , ,4687, ,Acceptable,In predator scat
James Creek,"South of James Creek, approximately 2km west of Suggan Buggan River",-36.88857,148.22899,100,Spot-tailed Quoll scat detections during Brush-tailed Rock-wallaby surveys 1994,9/05/1994, , ,4687, ,Acceptable,In predator scat
James Creek,"South of James Creek, approximately 2km west of Suggan Buggan River",-36.88858,148.22787,100,Spot-tailed Quoll scat detections during Brush-tailed Rock-wallaby surveys 1994,9/05/1994, , ,4687, ,Acceptable,In predator scat
 ,Badger Creek Road: Badger Creek,-37.68408,145.54111,100,115432,14/04/1994, , ,1,1,Confirmed, 
 ,Suggan Buggan,-36.95953,148.29359,4500,47010,1/01/1994, , ,2668,5,Confirmed, 
 ,Suggan Buggan,-36.95953,148.29359,4500,47010,1/01/1994, , ,2668,1,Confirmed, 
Mt Stadbroke NW,Mt Stadbroke ,-36.95394,148.2889,3,Mt Stadbroke camera surveys at Spot-tail Quoll Latrine site Individual Unknown,8/09/1993, , ,4422,1,Acceptable, 
 ,Deddick,-37.07542,148.48117,4500,111830,1/09/1993, , ,1,1,Acceptable, 
 ,"Cape Conran Creek: W of Salmon Rocks, Cape Conran",-37.80312,148.72048,4500,112356,1/09/1993, , ,2675, ,Acceptable, 
Mt Stadbroke NW,Mt Stadbroke ,-36.95394,148.2889,3,Mt Stadbroke camera surveys at Spot-tail Quoll Latrine site Individual J,31/08/1993, , ,4422,1,Acceptable, 
 ,2 km W of Cape Conran,-37.80312,148.72048,4500,7320,15/08/1993, , ,2675,2,Acceptable, 
 ,2 km W of Cape Conran,-37.80312,148.72048,4500,7320,15/08/1993, , ,2675, ,Acceptable, 
267257,VIC NSW buff      ,-37.20096,149.51348,100,NSW BioNet Atlas of NSW Wildlife - Fauna; Default Incidental Sightings 267257,29/07/1993, , ,4262,1,Acceptable, 
 ,700 M W of Salmon Rocks,-37.80312,148.72048,900,111700,25/07/1993, , ,1,3,Acceptable, 
Mt Stadbroke SE,Mt Stadbroke,-36.95402,148.28878,3,Mt Stadbroke camera surveys at Spot-tail Quoll Latrine site Individual I,14/07/1993, , ,4422,1,Acceptable, 
Mt Stadbroke SE,Mt Stadbroke,-36.95402,148.28878,3,Mt Stadbroke camera surveys at Spot-tail Quoll Latrine site Individual H,11/07/1993, , ,4422,1,Acceptable, 
 ,W side of Ellery Creek Track,-37.35332,148.78581,900,111720,10/07/1993, , ,2675,1,Acceptable, 
Mt Stadbroke SE,Mt Stadbroke,-36.95402,148.28878,3,Mt Stadbroke camera surveys at Spot-tail Quoll Latrine site Individual G,10/07/1993, , ,4422,1,Acceptable, 
Mt Stadbroke SE,Mt Stadbroke,-36.95402,148.28878,3,Mt Stadbroke camera surveys at Spot-tail Quoll Latrine site Individual F,3/07/1993, , ,4422,1,Acceptable, 
 ,Lauries Track: Amboyne,-36.97386,148.52863,4500,111801,4/06/1993, , ,1,1,Acceptable, 
Mt Stadbroke SE,Mt Stadbroke,-36.95402,148.28878,3,Mt Stadbroke camera surveys at Spot-tail Quoll Latrine site Individual E,30/05/1993, , ,4422,1,Acceptable, 
Mt Stadbroke SE,Mt Stadbroke,-36.95402,148.28878,3,Mt Stadbroke camera surveys at Spot-tail Quoll Latrine site Individual D,27/05/1993, , ,4422,1,Acceptable, 
Mt Stadbroke NW,Mt Stadbroke ,-36.95394,148.2889,3,Mt Stadbroke camera surveys at Spot-tail Quoll Latrine site Individual C,18/05/1993, , ,4422,1,Acceptable, 
Mt Stadbroke NW,Mt Stadbroke ,-36.95394,148.2889,3,Mt Stadbroke camera surveys at Spot-tail Quoll Latrine site Individual B,6/05/1993, , ,4422,1,Acceptable, 
Mt Stadbroke NW,Mt Stadbroke ,-36.95394,148.2889,3,Mt Stadbroke camera surveys at Spot-tail Quoll Latrine site NW Individual A,5/05/1993, , ,4422,1,Acceptable, 
 ,Boggaley Creek: Otway Vic Nats Vol 110 (3) 1993,-38.61405,143.9135,1000,114223,25/04/1993, , ,1,1,Acceptable, 
265630,VIC NSW buff      ,-37.24554,149.43752,100,NSW BioNet Atlas of NSW Wildlife - Fauna; Default Incidental Sightings 265630,8/04/1993, , ,4262,1,Acceptable, 
 ,40 km S of Jinabyne on 'Bannys Way',-36.42345,148.62624,900,115673,1/03/1993, , ,1,1,Acceptable,Found dead
 ,Ellery Creek: S of Ellery Creek Track,-37.35351,148.77339,4500,109034,12/12/1992, , ,2675,1,Acceptable, 
260783,VIC NSW buff      ,-37.18196,149.46577,100,NSW BioNet Atlas of NSW Wildlife - Fauna; Default Incidental Sightings 260783,10/12/1992, , ,4262,1,Acceptable, 
259721,VIC NSW buff      ,-37.21003,149.38455,100,NSW BioNet Atlas of NSW Wildlife - Fauna; Default Incidental Sightings 259721,27/11/1992, , ,4262,1,Acceptable, 
259149,VIC NSW buff      ,-37.19416,149.47293,100,NSW BioNet Atlas of NSW Wildlife - Fauna; Default Incidental Sightings 259149,19/11/1992, , ,4262,1,Acceptable, 
255141,VIC NSW buff      ,-37.22632,149.49911,100,NSW BioNet Atlas of NSW Wildlife - Fauna; Default Incidental Sightings 255141,1/06/1992, , ,4262,1,Acceptable, 
 ,Ellery 506-02,-37.4375,148.70077,100,1809027,12/01/1992, , ,2450,1,Acceptable, 
 ,Big River Road,-37.4384,148.70079,4500,106607,3/01/1992, , ,1, ,Acceptable, 
 ,Wombat Forest: Junc of Dixon & Fingerpost Roads,-37.4374,144.48576,100,110151,1/01/1992, , ,1, ,Acceptable, 
 ,Wombat Forest: Dixon Road,-37.44037,144.49809,100,110152,1/01/1992, , ,1, ,Acceptable, 
 ,"WANGARABEL RD: BRIDLE TCK, SARAH ALLEN RD +MARA TK",-37.40318,149.55517,1000,1803904,1/10/1991, , ,2450,1,Acceptable, 
 ,Rocky Plains Creek: Rock Wallaby Shelter,-36.89972,148.23871,4500,104816,26/09/1991, , ,1,1,Acceptable,Voucher specimen
 ,Mount Stradbroke,-36.95679,148.29292,900,4678,20/09/1991, , ,1, ,Acceptable, 
241799,VIC NSW buff      ,-37.15714,149.39758,100,NSW BioNet Atlas of NSW Wildlife - Fauna; Default Incidental Sightings 241799,6/09/1991, , ,4262,1,Acceptable, 
 ,Natya Township,-34.95639,143.22843,1000,104271,25/07/1991, , ,1,1,Confirmed, 
 ,MOUNT KING,-37.56631,149.33658,100,1802094,2/07/1991, , ,2450, ,Acceptable, 
 ,VAUS RETRO; KUARK LITTLE ARTE TK; DSF CONTROL.,-37.50974,148.81215,1000,1211543,12/05/1991, , ,2454,1,Acceptable, 
 ,Bulldog Road,-37.62346,147.57628,900,112938,1/05/1991, , ,1,1,Acceptable, 
 ,RAINFOREST NTH OF PRINCES HIGHWAY BELOW MT DRUMMER,-37.56174,149.33983,1000,1802873,24/04/1991, , ,2450, ,Acceptable, 
 ,FARM TRACK 0.5KM EAST OF THURRA JUNCTION ROAD,-37.49374,149.26872,1000,1802068,24/03/1991, , ,2450, ,Acceptable, 
 ,SW of Samaria State Park,-36.82011,146.02073,100,104001,22/03/1991, , ,1, ,Acceptable, 
 ,ROUGHLY 8 KM NNW OF PARADISE RIDGE,-37.38364,148.48382,900,1800859,11/03/1991, , ,2450, ,Acceptable, 
 ,WITHIN 2 KM OF MARTIN CREEK,-37.46168,148.58147,100,1800851,14/02/1991, , ,2450, ,Acceptable, 
 ,ROUGHLY 2 KM E OF GUNDOWRING,-36.41754,147.08547,100,103052,12/12/1990, , ,1,2,Acceptable, 
 ,Hepburn Track: Coast Range Forest Block,-37.19862,149.04467,4500,110142,1/10/1990, , ,2675,1,Acceptable, 
 ,Hepburn Track: Coast Range Forest Block,-37.19862,149.04467,4500,110142,1/10/1990, , ,2675,4,Acceptable, 
 ,BULL HILL,-36.67843,147.37115,100,102512,7/06/1990, , ,1,1,Acceptable, 
234705,VIC NSW buff      ,-37.28596,149.48281,100,NSW BioNet Atlas of NSW Wildlife - Fauna; Default Incidental Sightings 234705,1/06/1990, , ,4262,1,Acceptable, 
 ,WAALIMMA MOUNT,-37.28213,149.48453,900,101832,2/05/1990, , ,1,1,Acceptable, 
 ,Martin Creek: Martin Creek Reserve,-37.49535,148.5573,4500,3776,26/04/1990, , ,1, ,Acceptable, 
 ,500M E. OF LOCHS HOMESTEAD ON HORDEN VALE RD.,-38.77959,143.4955,100,101837,26/04/1990, , ,1,1,Acceptable, 
 ,ROUGHLY 6 KM S OF THE SISTERS SWAMP,-37.49929,141.166,100,101865,1/02/1990, , ,1,1,Acceptable, 
 ,MUSK CREEK,-37.43944,148.33911,100,1334862,10/01/1990, , ,2401, ,Acceptable, 
 ,MOUNT ELLERY,-37.39309,148.77884,9000,101831,1/11/1989, , ,1,1,Acceptable,In predator scat
 ,CATTLEYARD SADDLE,-37.50454,148.7385,900,101833,8/10/1989, , ,1,1,Acceptable, 
 ,IN THE STICKS,-38.45685,143.62635,4500,4526337,8/02/1989, , ,1,1,Acceptable, 
 ,50M UPSTREAM FROM BRIDGE ON NORTHERN BANK,-36.95679,148.32625,900,4526338,23/01/1989, , ,1,1,Acceptable, 
 ,ROUGHLY 4 KM NNW OF MOUNT SARDINE,-37.47051,148.45614,4500,101834,6/12/1988, , ,1,1,Acceptable, 
 ,APPROX 8KM N ALONG GELANTIPY RD,-37.44552,148.19226,900,4522690,27/04/1988, , ,1,1,Acceptable, 
 ,ROUGHLY 2 KM S OF BOWDEN SPUR,-37.5416,145.3311,100,1000582,11/03/1988, , ,2394,1,Acceptable, 
 ,ROUGHLY 2 KM S OF ELLERY SADDLE,-37.38261,148.81587,100,1300746,8/03/1988, , ,2401,1,Acceptable, 
 ,4KM NNW OF GRANITE MOUNTAIN,-37.20938,149.04834,27000,4522697,15/12/1987, , ,1,1,Acceptable, 
 ,WITHIN 2 KM OF BRASHS PARK,-36.47193,148.0064,900,4525758,1/10/1987, , ,2674,1,Acceptable, 
 ,BELL BIRD CREEK,-37.65678,148.82626,900,4525784,22/04/1987, , ,2674,1,Acceptable, 
 ,SNOWY R BRIDGE DEDDICK RD,-37.09012,148.40959,900,4522721,1/04/1987, , ,1,4,Confirmed,Breeding
 ,ROUGHLY 7 KM NW OF TULACH ARD,-37.23179,148.26793,1800,101791,19/02/1987, , ,1,1,Confirmed,Found dead
 , 5' BLOCK CONTAINING TOOLOO ARM,-37.79013,148.04294,4500,4526339,1/01/1987, , ,1,1,Acceptable, 
 ,ROUGHLY 2 KM SE OF BRACKEN RIDGE,-37.54095,145.48391,100,1002560,27/12/1986, , ,2394,1,Acceptable, 
 ,NEAR PRINCES HWY BRIDGE RAINFOREST WALKING TK,-37.80679,148.04294,900,4525807,15/11/1986, , ,1,1,Acceptable, 
 , 5' BLOCK CONTAINING MANSFIELD HIGH SCHOOL,-37.04014,146.04296,4500,4525808,8/06/1986, , ,1,1,Acceptable,Found dead
 ,0.9 KM NNE OF - ROUGHLY 2 KM SW OF LOOKOUT POINT,-37.07345,148.34292,900,4526611,21/05/1986, , ,1, ,Acceptable, 
 , 5' BLOCK CONTAINING THE PULPIT,-38.62352,143.54302,4500,4525809,23/02/1986, , ,1,1,Acceptable, 
 , 5' BLOCK CONTAINING THE PULPIT,-38.62352,143.54302,4500,4526570,23/02/1986, , ,1,1,Acceptable, 
 ,BOWDEN SPUR,-37.53053,145.31324,100,1005602,1/01/1986, , ,2394,4,Acceptable,Breeding
 ,3 KM W ON MAROONDAH HWY,-37.04014,146.05962,900,4522736,8/06/1985, , ,1,1,Confirmed,Found dead
 , 5' BLOCK CONTAINING BALD HILL,-36.95679,148.29292,4500,4526522,1/01/1985, , ,1,1,Acceptable, 
 ,Won Wron State Forest,-38.42299,146.81284,100,109396,1/01/1985, , ,1,1,Acceptable, 
 ,Not Provided,-37.49845,149.00125,54000,1503657,5/10/1984, , ,2416,1,Acceptable, 
 ,ROUGHLY 2 KM NE OF VICTORIA STAR MINE,-37.15678,148.89291,900,4525817,13/06/1984, , ,1,1,Confirmed, 
 ,8KM N OF TYRENDARRA AT ETTRICK HOMESTEAD,-38.1402,141.77637,900,4502963,5/06/1984, , ,1,1,Confirmed, 
 ,WITHIN 2 KM OF TALLANGATTA,-36.22359,147.1854,900,1503174,2/05/1984, , ,2419,1,Acceptable, 
 ,Not Provided,-34.49851,141.50131,54000,1503110,2/04/1984, , ,2419,2,Acceptable, 
 ,ROUGHLY 2 KM SE OF TAWONGA,-36.69785,147.14511,900,1503111,2/04/1984, , ,2419, ,Acceptable, 
 , 5' BLOCK CONTAINING CASTLE COVE,-38.70685,143.37636,4500,4502944,25/01/1984, , ,1,1,Confirmed, 
 ,ROUGHLY 3 KM W OF CROWES,-38.67352,143.34303,900,4502961,25/01/1984, , ,1,1,Confirmed, 
 , 5' BLOCK CONTAINING SARSFIELD,-37.7068,147.70961,4500,4502943,26/03/1983, , ,1,1,Confirmed, 
 ,Snowy River: at junction with Jacobs River,-36.79012,148.45958,4500,4502942,1/01/1983, , ,1,1,Acceptable, 
 ,SHARPES QUARRY,-37.80573,146.34183,1000,100847,1/01/1983, , ,1,1,Acceptable, 
 ,IN THE STICKS,-38.45685,143.62635,4500,4502946,29/03/1982, , ,1,1,Confirmed, 
 , 5' BLOCK CONTAINING ROWBOTTOMS BRIDGE,-38.12353,141.9597,4500,4502947,1/01/1982, , ,1,1,Confirmed, 
 , 5' BLOCK CONTAINING BARRABILLI MOUNTAIN,-36.95679,148.37625,4500,4502941,15/10/1981, , ,1,1,Confirmed, 
 , 5' BLOCK CONTAINING KENNET  RIVER,-38.62351,143.79302,4500,4502940,1/09/1981, , ,1,1,Confirmed, 
 ,3KM S OF HORSESHOE BEND,-37.59013,147.35961,900,4502954,1/07/1981, , ,1,1,Confirmed, 
 , 5' BLOCK CONTAINING MOUNT KOOLABBRA,-37.12345,148.70958,4500,4502956,1/07/1981, , ,1,1,Confirmed, 
 ,IN THE STICKS,-37.20678,148.62625,4500,4502955,1/07/1981, , ,1,1,Confirmed, 
 , 5' BLOCK CONTAINING DEVILS BACK BONE,-37.20679,148.29292,4500,4502957,1/06/1981, , ,1,1,Confirmed, 
 , 5' BLOCK CONTAINING DEVILS BACK BONE,-37.20679,148.29292,4500,4502939,1/06/1981, , ,1,1,Confirmed, 
 , 5' BLOCK CONTAINING THE PULPIT,-38.62352,143.54302,4500,4502938,16/10/1980, , ,1,1,Confirmed, 
 ,8.2 KM NORTH-EAST OF (TWO WAYS),-37.02345,148.47625,900,4502937,9/08/1980, , ,1,1,Confirmed, 
 ,SOUTH WARRANDYTE,-37.80682,145.24298,900,4502936,20/07/1980, , ,1,1,Confirmed, 
 , 5' BLOCK CONTAINING MOUNT TAYLOR,-36.95679,148.45958,4500,4502935,17/07/1980, , ,1,1,Confirmed, 
 ,2 KM OF ON ARMSTRONGS TRK,-36.99012,148.49292,900,4529758,16/07/1980, , ,2674,1,Acceptable, 
 ,Amboyne Track: at Black Gavrol Gully,-36.99879,148.48193,4500,3517,14/07/1980, , ,2427, ,Acceptable, 
 ,ROUGHLY 3 KM E OF MOUNT TAYLOR,-36.97345,148.50958,900,4001777,14/07/1980, , ,2674, ,Acceptable, 
 ,Armstrong Track: 2.1 km from Mount Taylor,-36.98709,148.48058,4500,3512,8/07/1980, , ,2427,1,Confirmed, 
 ,ROUGHLY 2 KM S OF MOUNT TAYLOR,-36.99012,148.47625,900,4001554,8/07/1980, , ,2674, ,Acceptable, 
 , 5' BLOCK CONTAINING MOUNT TAYLOR,-36.95679,148.45958,4500,4502934,1/07/1980, , ,1,1,Confirmed, 
 ,2.1 km S OF MT TAYLOR,-36.99012,148.39292,900,4926008,1/07/1980, , ,2424, ,Acceptable, 
 ,IN THE STICKS,-37.12345,148.29292,4500,4529739,1/02/1980, , ,2427, ,Acceptable, 
 , 5' BLOCK CONTAINING HOTHAM HEIGHTS,-36.9568,147.12627,4500,4529740,1/02/1980, , ,2427, ,Acceptable, 
 , 5' BLOCK CONTAINING DEVILS BACK BONE,-37.14012,148.29292,4500,4529743,1/02/1980, , ,2674,1,Acceptable, 
 ,CAMPBELLO KNOB,-37.20679,148.35959,900,4529741,1/02/1980, , ,2427, ,Acceptable, 
 ,ROUGHLY 6 KM WNW OF DEVILS BACK BONE,-37.19012,148.29292,2700,4529742,1/02/1980, , ,2674,1,Acceptable, 
 ,ROUND HILL,-37.12345,148.29292,4500,4502932,1/01/1980, , ,1,1,Confirmed, 
 ,6 KM W OF LITTLE RIVER/SNOWY RIVER,-37.12345,148.30959,900,4529753,1/01/1980, , ,2674,1,Acceptable, 
 , 5' BLOCK CONTAINING WINGAN INLET,-37.70678,149.45958,4500,4529755,18/12/1979, , ,1,1,Acceptable, 
 ,MOUNT DEDDICK,-37.12345,148.45959,4500,4502928,21/09/1979, , ,1, ,Confirmed, 
 ,4.3 KM N OF DEDDICK TRAIL,-37.12345,148.42625,900,4529746,21/09/1979, , ,1,1,Acceptable, 
 ,ROUGHLY 6 KM NW OF DOCTORS FLAT,-37.28179,147.7346,1800,4925993,10/07/1979, , ,2424, ,Acceptable, 
 ,BASS AIRSTRIP,-37.04012,148.45959,4500,4502931,1/06/1979, , ,1,1,Confirmed, 
 , 5' BLOCK CONTAINING BURTONS,-37.45678,148.87625,4500,4502927,30/05/1979, , ,1,1,Confirmed, 
 , 5' BLOCK CONTAINING BURTONS,-37.45678,148.87625,4500,4502926,30/05/1979, , ,1,1,Confirmed, 
 ,BOULDER FLAT 10 KM N OF CLUB TERRACE,-37.45678,148.90959,900,4529745,30/05/1979, , ,1,1,Acceptable, 
 ,CLUB TERRACE,-37.54012,148.84292,900,4529744,30/05/1979, , ,1,1,Acceptable, 
 ,1 KM S OF 'THE BLUFF' (LANGHAMS BLUFF),-37.09012,148.32626,900,4529757,20/05/1979, , ,1,2,Acceptable, 
 , 5' BLOCK CONTAINING BARRABILLI MOUNTAIN,-36.95679,148.37625,4500,4502924,1/01/1979, , ,1, ,Confirmed, 
 ,MOUNT TAYLOR,-36.98179,148.46792,1800,4529737,1/01/1979, , ,2427,3,Acceptable, 
 , 5' BLOCK CONTAINING DEDDICK,-37.04012,148.45959,4500,4529738,1/01/1979, , ,2427,1,Acceptable, 
 ,SUGGAN BUGGAN RD MONARO GAP 3 KM SSE MT STRADBROKE,-36.97345,148.27625,900,4529749,1/01/1979, , ,1,4,Acceptable, 
 , 5' BLOCK CONTAINING BALD HILL,-36.95679,148.29292,4500,4502925,1/01/1979, , ,1, ,Confirmed, 
 ,IN THE STICKS,-37.12345,148.29292,4500,4502923,28/08/1978, , ,1, ,Confirmed, 
 ,IN THE STICKS,-37.12345,148.29292,4500,4502922,9/08/1978, , ,1, ,Confirmed, 
 ,ROUGHLY 10 KM NW OF DEVILS BACK BONE,-37.14012,148.29292,2700,4529752,9/08/1978, , ,2673,2,Acceptable, 
 , 5' BLOCK CONTAINING GIL GROGGIN,-37.37346,147.9596,4500,4502921,1/07/1978, , ,1,1,Confirmed, 
 , 5' BLOCK CONTAINING MUSK GULLY,-37.7068,147.45961,4500,4502959,1/05/1978, , ,1,1,Acceptable, 
 , 5' BLOCK CONTAINING MOUNT AMIETS,-38.62352,143.37636,4500,4502945,2/01/1978, , ,1, ,Confirmed, 
 ,property backing Wabba Wilderness Area: Corryong,-36.23585,147.74408,900,116993,1/01/1978, , ,3928,1,Acceptable, 
 , 5' BLOCK CONTAINING KAWARREN,-38.45685,143.54302,4500,4502920,18/12/1977, , ,1,1,Confirmed, 
 ,2M E OF - MOUNT MISERY,-36.84012,147.92626,900,4502960,1/10/1977, , ,1,1,Confirmed, 
 , 5' BLOCK CONTAINING ONE MILE CREEK PLANTATION,-36.62347,146.87627,4500,4502919,5/07/1977, , ,1,1,Confirmed, 
 ,10' BLOCK CONTAINING LAKE SURPRISE,-38.08186,141.91803,9000,4502917,1/07/1976, , ,1, ,Confirmed, 
 , 5' BLOCK CONTAINING KALIMNA,-37.87346,147.95961,4500,4502916,1/01/1976, , ,1,1,Confirmed, 
 , 5' BLOCK CONTAINING KALIMNA,-37.87346,147.95961,4500,4502915,1/01/1976, , ,1,2,Confirmed, 
 ,ON WEST BANK  NEAR COUSTLEY ROAD,-38.00687,141.79303,900,4502798,1/01/1976, , ,1,2,Confirmed, 
 ,10' BLOCK CONTAINING MOUNT BARAMBOGIE,-36.24847,146.5846,9000,4502914,6/09/1975, , ,1, ,Acceptable, 
 ,GULF CREEK,-37.08179,148.50125,9000,4502912,1/09/1975, , ,1,1,Confirmed, 
 , 5' BLOCK CONTAINING ESKDALE,-36.4568,147.2096,4500,4502911,1/06/1975, , ,1,1,Confirmed, 
 , 5' BLOCK CONTAINING GOORAMBAT,-36.37348,145.87628,4500,4502909,28/04/1975, , ,1,1,Confirmed, 
 ,10' BLOCK CONTAINING YUNDOOL,-36.33181,145.83461,9000,4502910,1/04/1975, , ,1,1,Confirmed, 
 ,IN THE STICKS,-38.12353,141.87637,4500,4502907,22/02/1975, , ,1,1,Confirmed, 
 ,IN THE STICKS,-38.12353,141.87637,4500,4502906,21/02/1975, , ,1,1,Confirmed, 
 ,CONDAH SOUTH,-38.12353,141.79304,4500,4502905,16/02/1975, , ,1,1,Confirmed, 
 , 5' BLOCK CONTAINING BLACK MOUNTAIN,-37.04012,148.29292,4500,4502908,1/01/1975, , ,1,1,Confirmed, 
 ,10' BLOCK CONTAINING LOY YANG OPENCUT,-38.24848,146.58464,9000,4502904,1/01/1975, , ,1, ,Acceptable, 
 , 5' BLOCK CONTAINING DANDONGADALE,-36.79014,146.62628,4500,4502950,1/01/1975, , ,1,1,Acceptable, 
 ,HANGING ROCK,-37.02345,148.30959,900,4529748,1/01/1975, , ,1,1,Acceptable, 
 ,Olinda State Forest: MMBW Track 13,-37.82462,145.39859,100,103629,16/10/1974, , ,1, ,Acceptable,No longer present at site
 ,HICKS HILL,-38.0402,141.87637,4500,4502903,28/07/1974, , ,1,1,Confirmed, 
 , 5' BLOCK CONTAINING ROWBOTTOMS BRIDGE,-38.12353,141.9597,4500,4502902,26/07/1974, , ,1,1,Confirmed, 
 ,SKENES CREEK NORTH,-38.70685,143.70969,4500,4502900,6/07/1974, , ,1, ,Acceptable, 
 ,BYE CREEK,-36.2068,146.62627,4500,4502901,5/07/1974, , ,1,1,Confirmed, 
 , 5' BLOCK CONTAINING ROWBOTTOMS BRIDGE,-38.12353,141.9597,4500,4502797,1/07/1974, , ,1,1,Confirmed, 
 ,SOUTH-EAST CORNER OF  AT MURPHY'S HUT,-38.07353,141.8597,900,4502898,23/06/1974, , ,1,1,Confirmed, 
 ,GARDEN HUT CREEK,-37.3735,144.62632,4500,4502897,2/04/1974, , ,1,1,Confirmed, 
 ,10' BLOCK CONTAINING DEVILS BACKBONE,-37.41513,147.8346,9000,4502896,28/02/1974, , ,1,2,Confirmed, 
 ,Parker River Inlet,-38.84572,143.56233,100,125260,28/11/1973, , ,1,1,Acceptable, 
 ,IN THE STICKS,-37.9568,147.79295,4500,4502894,12/07/1973, , ,1,1,Confirmed, 
 ,FERGUSON,-38.62352,143.54302,4500,4502893,11/07/1973, , ,1,1,Confirmed, 
 , 5' BLOCK CONTAINING DEDDICK,-37.04012,148.45959,4500,4502899,18/06/1973, , ,1,1,Confirmed, 
 , 5' BLOCK CONTAINING JOHNSONVILLE,-37.79013,147.79294,4500,4502892,5/06/1973, , ,1,1,Confirmed, 
 , 5' BLOCK CONTAINING LIPTRAP,-38.79016,145.87632,4500,4502889,1/06/1973, , ,1,2,Acceptable, 
 , 5' BLOCK CONTAINING EAGLE POINT,-37.87347,147.62628,4500,4502890,23/03/1973, , ,1, ,Confirmed, 
 ,POINT LARDNER,-37.87346,147.70961,4500,4502891,23/03/1973, , ,1,1,Confirmed, 
 , 5' BLOCK CONTAINING MOUNT KOOLABBRA,-37.12345,148.70958,4500,4502888,1/01/1973, , ,1, ,Acceptable, 
 ,DELLICKNORA,-37.10678,148.69292,900,4529762,1/01/1973, , ,2427,1,Acceptable, 
 ,ROUGHLY 2 KM NE OF MUSEUM SPUR,-37.29012,148.37626,900,102938,15/09/1972, , ,1,1,Confirmed, 
 ,Broadbent: 30 Miles N of Orbost,-37.50679,148.27626,900,37216,15/09/1972, , ,1,1,Confirmed, 
 , 5' BLOCK CONTAINING SKENES CREEK,-38.70685,143.70969,4500,4502887,1/09/1972, , ,1,1,Acceptable, 
 ,near Lockwood,-36.75683,144.09298,900,14168,1/01/1972, , ,2476, ,Acceptable, 
 , 5' BLOCK CONTAINING KAWARREN,-38.45685,143.54302,4500,4502869,1/12/1970, , ,1,1,Confirmed, 
Grampians Quoll Record,Moora Moora Track,-37.2743,142.44587,500,Grampians Quoll Record,1/11/1970, , ,3917,1,Acceptable, 
 , 5' BLOCK CONTAINING WEST BARWON RESERVOIR,-38.54018,143.70968,4500,4502885,27/09/1970, , ,1,1,Confirmed, 
 , 5' BLOCK CONTAINING ST HELENS,-38.20686,142.04303,4500,4502884,27/07/1970, , ,1,1,Confirmed, 
 , 5' BLOCK CONTAINING ST HELENS,-38.20686,142.04303,4500,4502883,27/07/1970, , ,1,1,Confirmed, 
 , 5' BLOCK CONTAINING HAINES RIDGE,-38.45684,143.95968,4500,4502882,9/07/1970, , ,1,1,Confirmed, 
 , 5' BLOCK CONTAINING BENDOC NORTH,-37.12345,148.95958,4500,4502881,1/06/1970, , ,1, ,Acceptable, 
 ,BASS AIRSTRIP,-37.04012,148.45959,4500,4502930,1/06/1970, , ,1,2,Confirmed, 
 ,10' BLOCK CONTAINING IRREWARRA,-38.33185,143.66801,9000,4502886,31/05/1970, , ,1,1,Confirmed, 
 ,10' BLOCK CONTAINING GORRIE SWAMP,-38.08186,142.00137,9000,4502880,25/05/1970, , ,1,1,Confirmed, 
 , 5' BLOCK CONTAINING THE PULPIT,-38.62352,143.54302,4500,4502879,19/02/1970, , ,1,1,Confirmed, 
 ,GELLIBRAND RIVER PHILLIPS TRACK 2 MILES SOUTH OF F,-38.65685,143.52636,900,4909585,19/02/1970, , ,2424, ,Acceptable, 
 ,SIGN POST RIDGE,-36.95679,148.37625,4500,4502872,1/01/1970, , ,1,2,Confirmed, 
 ,EDWARD FALLS,-37.20679,148.45959,4500,4502871,1/01/1970, , ,1, ,Confirmed, 
 ,AMBOYNE CROSSING,-37.03178,148.55125,1800,4529765,1/01/1970, , ,2427,1,Acceptable, 
 ,AMBOYNE SETTLEMENT RD NEAR BASS,-37.04012,148.47625,900,4529760,1/01/1970, , ,2427,1,Acceptable, 
 , 5' BLOCK CONTAINING BASALT HILL,-37.04012,148.54292,4500,4502873,1/01/1970, , ,1, ,Confirmed, 
 , 5' BLOCK CONTAINING WINGAN INLET,-37.70678,149.45958,4500,4502874,1/01/1970, , ,1, ,Acceptable, 
 ,ROUGHLY 2 KM SW OF DEDDICK PARK,-37.12345,148.40959,900,4529767,1/01/1970, , ,2427,1,Acceptable, 
 ,MOUNT TAYLOR,-36.98179,148.46792,1800,4529763,1/01/1970, , ,2427,1,Acceptable, 
 , 5' BLOCK CONTAINING TARAGO,-38.04015,145.87631,4500,4502875,1/01/1970, , ,1, ,Acceptable, 
 , 5' BLOCK CONTAINING MOUNT TAYLOR,-36.95679,148.45958,4500,4502913,1/01/1970, , ,1, ,Confirmed, 
 ,MOUNTAIN NEW/COUNTRY CREEK,-37.22345,148.44292,900,4529764,1/01/1970, , ,2427,1,Acceptable, 
 ,MOUNT DEDDICK,-37.12345,148.45959,4500,4502878,1/01/1970, , ,1, ,Confirmed, 
 ,JAM CREEK - NEAR JUNCTION WITH SNOWY RIVER,-36.95679,148.37625,900,4529768,1/01/1970, , ,2427,1,Acceptable, 
 , 5' BLOCK CONTAINING WEST BARWON RESERVOIR,-38.54018,143.70968,4500,4502867,7/07/1969, , ,1,1,Confirmed, 
 , 5' BLOCK CONTAINING MOUNT ELLIOT,-36.12345,147.95958,4500,4502868,13/06/1969, , ,1,1,Confirmed, 
 ,WEST BARWON RESERVOIR,-38.54018,143.70968,4500,4502866,7/06/1969, , ,1,1,Confirmed, 
 ,WEST BARWON RESERVOIR,-38.54018,143.70968,4500,4502865,31/05/1969, , ,1,1,Confirmed, 
 ,WEST BARWON RESERVOIR,-38.54018,143.70968,4500,4502864,29/05/1969, , ,1,1,Confirmed, 
 ,WEST BARWON RESERVOIR,-38.54018,143.70968,4500,4502863,20/05/1969, , ,1,1,Confirmed, 
 , 5' BLOCK CONTAINING SEAL POINT,-38.87352,143.54303,4500,4502860,1/01/1969, , ,1,1,Confirmed, 
 ,ROUGHLY 2 KM SW OF BURRUPA,-38.7287,143.25103,100,18082,1/01/1969, , ,2486, ,Acceptable, 
 ,Parker River Inlet,-38.84572,143.56233,100,66517,1/01/1969, , ,1,1,Acceptable, 
 , 5' BLOCK CONTAINING SEAL POINT,-38.87352,143.54303,4500,4502859,1/01/1969, , ,1,1,Confirmed, 
 , 5' BLOCK CONTAINING SEAL POINT,-38.87352,143.54303,4500,4502861,1/01/1969, , ,1,1,Confirmed, 
 ,LORNE,-38.54018,143.95968,4500,4502858,20/08/1968, , ,1,1,Confirmed, 
 ,GELLIBRAND,-38.54018,143.54302,4500,4502857,24/07/1968, , ,1,1,Confirmed, 
 , 5' BLOCK CONTAINING GRANDVIEW LOOKOUT,-37.70679,148.37626,4500,4502855,27/06/1968, , ,1,1,Confirmed, 
 , 5' BLOCK CONTAINING CANN RIVER,-37.54011,149.12625,4500,4502854,1/05/1968, , ,1, ,Confirmed, 
 , 5' BLOCK CONTAINING WARRABKOOK,-37.95686,141.9597,4500,4502853,15/04/1968, , ,1,1,Confirmed, 
 ,BLANKET BAY,-38.83185,143.58469,9000,4502852,28/03/1968, , ,1, ,Acceptable, 
 , 5' BLOCK CONTAINING WINGAN INLET,-37.70678,149.45958,4500,4502851,1/01/1968, , ,1,2,Acceptable, 
 ,LARDNER CREEK EAST BRANCH,-38.62351,143.62635,4500,4502877,1/01/1968, , ,1,1,Confirmed, 
 ,GELLIBRAND,-38.54018,143.54302,4500,4502850,20/11/1967, , ,1,1,Confirmed, 
 , 5' BLOCK CONTAINING HOLLIS HILL,-38.20687,141.54304,4500,4502849,14/10/1967, , ,1, ,Acceptable, 
 ,10' BLOCK CONTAINING GORRIE SWAMP,-38.08186,142.00137,9000,4502848,14/07/1967, , ,1,1,Confirmed, 
 , 5' BLOCK CONTAINING BASALT HILL,-37.04012,148.54292,4500,4502847,12/07/1967, , ,1,1,Confirmed, 
 , 5' BLOCK CONTAINING TALGANA,-36.04013,147.12626,4500,4502845,15/06/1967, , ,1,1,Confirmed, 
 , 5' BLOCK CONTAINING ROWBOTTOMS BRIDGE,-38.12353,141.9597,4500,4502844,7/06/1967, , ,1,1,Confirmed, 
 , 5' BLOCK CONTAINING MOUNT TAYLOR,-36.95679,148.45958,4500,4502846,1/06/1967, , ,1,1,Confirmed, 
 ,10' BLOCK CONTAINING HOPETOUN FALLS,-38.66518,143.58469,9000,4502843,1/05/1967, , ,1,1,Confirmed, 
 ,AMBOYNE CROSSING,-37.04012,148.54292,4500,4502842,1/05/1967, , ,1,1,Confirmed, 
 ,LAWSON BEACH,-38.70682,146.29298,4500,4502841,20/02/1967, , ,1,1,Confirmed, 
 ,10' BLOCK CONTAINING E S HILL,-38.83185,143.50136,9000,4502840,1/01/1967, , ,1,1,Acceptable, 
 ,GOODWIN CREEK,-37.04012,148.29292,4500,4502862,1/01/1967, , ,1, ,Confirmed, 
 , 5' BLOCK CONTAINING ROWBOTTOMS BRIDGE,-38.12353,141.9597,4500,4502839,1/08/1966, , ,1,1,Confirmed, 
 ,Dead Mans Swamp near Lyons,-38.31816,141.57967,1800,4502837,15/06/1966, , ,1,1,Confirmed, 
 , 5' BLOCK CONTAINING POSTMAN SPUR,-37.12345,148.45959,4500,4502838,10/06/1966, , ,1,1,Confirmed, 
 ,10' BLOCK CONTAINING PORTLAND NORTH,-38.33187,141.58471,9000,4502876,1/06/1966, , ,1, ,Acceptable, 
 , 5' BLOCK CONTAINING TYERS,-38.12348,146.45964,4500,4502836,1/06/1966, , ,1,1,Confirmed, 
 ,1M NTH OF TYERS ON WALHALLA RD,-38.15681,146.4763,900,4502953,1/06/1966, , ,1,1,Confirmed, 
 ,GORRIE HILL,-38.0402,141.54304,4500,4502834,31/05/1966, , ,1,1,Confirmed, 
 , 5' BLOCK CONTAINING TALGANA,-36.04013,147.12626,4500,4502835,28/04/1966, , ,1,1,Confirmed, 
 ,10' BLOCK CONTAINING OLD YARD CREEK,-37.49846,148.3346,9000,4502833,8/01/1966, , ,1, ,Acceptable, 
 ,LAKE BRIDGE,-38.08187,141.8347,9000,4502832,1/01/1966, , ,1, ,Confirmed, 
 ,IN THE STICKS,-38.37351,144.29301,4500,4502830,20/07/1965, , ,1,1,Confirmed, 
 ,GOODWIN CREEK,-37.04012,148.29292,4500,4529750,1/07/1965, , ,2672,4,Acceptable, 
 , 5' BLOCK CONTAINING POSTMAN SPUR,-37.12345,148.45959,4500,4502831,1/07/1965, , ,1,1,Confirmed, 
 , 5' BLOCK CONTAINING EAGLE NEST REEF,-38.45684,144.12634,4500,4502829,1/06/1965, , ,1, ,Acceptable, 
 ,WAGTAIL RIDGE,-37.29012,148.20959,4500,4502856,1/01/1965, , ,1,1,Confirmed, 
 ,ROUGHLY 5 KM NW OF FOREST CREEK,-37.28179,148.26793,1800,4529754,1/01/1965, , ,1,1,Acceptable, 
 ,IN THE STICKS,-38.79018,143.70969,4500,4502826,9/11/1964, , ,1,1,Confirmed, 
 ,AMBOYNE CROSSING,-37.04012,148.54292,4500,4502825,3/08/1964, , ,1,1,Confirmed, 
 , 5' BLOCK CONTAINING ROWBOTTOMS BRIDGE,-38.12353,141.9597,4500,4502824,27/07/1964, , ,1,1,Confirmed, 
 ,AT NEW GUINEA TRACK,-37.34012,148.39293,900,4502828,1/07/1964, , ,1,2,Confirmed, 
 ,NEW GUINEA,-37.37345,148.37626,4500,4529747,1/07/1964, , ,2672,2,Acceptable, 
 , 5' BLOCK CONTAINING AIRE VALLEY,-38.54018,143.54302,4500,4502823,22/06/1964, , ,1,1,Confirmed, 
 ,TARALEA HILL,-37.95684,143.79301,4500,4502822,1/06/1964, , ,2672, ,Acceptable, 
 ,RODGER RIVER,-37.33179,148.41792,9000,4502827,1/06/1964, , ,1, ,Acceptable, 
 ,FERRERS CREEK,-37.95684,143.70967,4500,4502821,3/04/1964, , ,1,1,Confirmed, 
 , 5' BLOCK CONTAINING BOONAH HILL,-38.37351,143.87635,4500,4502820,1/03/1964, , ,1, ,Confirmed, 
 ,10' BLOCK CONTAINING TAMBOON HILL,-37.74845,149.16792,9000,4502819,23/06/1963, , ,1,1,Confirmed, 
 , 5' BLOCK CONTAINING HERNES OAK,-38.20682,146.29297,4500,4502817,1/08/1962, , ,1, ,Acceptable, 
 ,FERGUSON,-38.62352,143.54302,4500,4502816,11/07/1962, , ,1,1,Confirmed, 
 , 5' BLOCK CONTAINING CROWES HILL,-38.20687,141.79304,4500,4502818,1/06/1962, , ,1, ,Confirmed, 
 ,14 KM NNE OF MOE AT WILLOW GROVE,-38.07348,146.17631,900,4502952,29/05/1962, , ,1,1,Confirmed, 
 , 5' BLOCK CONTAINING BALLARAT SHAFT INLET,-38.04015,146.20964,4500,4502815,26/05/1962, , ,1,1,Confirmed, 
 , 5' BLOCK CONTAINING BRUMBY GULLY,-37.7068,147.62628,4500,4502814,10/05/1962, , ,1,1,Confirmed, 
 ,FERGUSON,-38.62352,143.54302,4500,4502813,29/03/1962, , ,1,1,Confirmed, 
 , 5' BLOCK CONTAINING LINDENOW,-37.79013,147.45961,4500,4502811,1/01/1962, , ,1, ,Acceptable, 
 , 5' BLOCK CONTAINING MURRINDAL,-37.37346,148.2096,4500,4502810,1/01/1962, , ,1, ,Acceptable, 
 , 5' BLOCK CONTAINING CUMBERLAND JUNCTION,-37.54015,145.8763,4500,4502812,1/01/1962, , ,1,1,Confirmed, 
 , 5' BLOCK CONTAINING MOUNT HAWDON,-37.04016,145.1263,4500,4502809,14/10/1961, , ,1, ,Acceptable, 
 , 5' BLOCK CONTAINING LAKE EILDON,-37.20681,145.8763,4500,4502808,11/08/1961, , ,1,1,Confirmed, 
 ,BEAUTY SPOT SCENIC RESERV,-38.70685,143.37636,4500,4502807,5/06/1961, , ,1,1,Confirmed, 
 , 5' BLOCK CONTAINING BARANDUDA RANGE,-36.2068,146.87626,4500,4502806,8/05/1961, , ,1, ,Acceptable, 
 ,BIG HUMMOCK,-38.87349,146.29299,4500,4502803,1/11/1960, , ,1,1,Acceptable, 
 ,FERGUSON,-38.62352,143.54302,4500,4502802,18/10/1960, , ,1,1,Confirmed, 
 ,FERGUSON,-38.62352,143.54302,4500,4502801,9/10/1960, , ,1,1,Confirmed, 
 , 5' BLOCK CONTAINING COWWARR WEIR,-37.95681,146.6263,4500,4502796,7/09/1960, , ,1,1,Confirmed, 
 , 5' BLOCK CONTAINING GAY LAD SPRINGS,-37.20679,148.37626,4500,4502794,1/08/1960, , ,1,1,Acceptable, 
 , 5' BLOCK CONTAINING CHAPPLE VALE,-38.62352,143.29303,4500,4502793,13/07/1960, , ,1,1,Confirmed, 
 , 5' BLOCK CONTAINING HIGGINBOTHAM MINE,-37.29015,145.54297,4500,4502792,1/07/1960, , ,1, ,Acceptable, 
 , 5' BLOCK CONTAINING TAGGERTY,-37.29015,145.70963,4500,4502791,1/07/1960, , ,1,1,Confirmed, 
 ,CRISS CROSS CREEK,-37.45682,145.45964,4500,4502789,1/07/1960, , ,1, ,Acceptable, 
 , 5' BLOCK CONTAINING MUDDY SADDLE,-38.62351,143.70969,4500,4502788,9/06/1960, , ,1,1,Confirmed, 
 ,IN THE STICKS,-36.95681,146.04296,4500,4502785,1/01/1960, , ,1, ,Acceptable, 
 , 5' BLOCK CONTAINING ARDONACHIE,-38.0402,141.9597,4500,4502786,1/01/1960, , ,1,1,Acceptable, 
 ,10' BLOCK CONTAINING ROCKY KNOB HILL,-37.49846,148.25126,9000,4502787,1/01/1960, , ,1,1,Acceptable, 
 ,WHOOREL,-38.37351,143.79301,4500,4502784,1/01/1960, , ,1,1,Acceptable, 
 ,BUCHAN POLICE STATION,-37.49846,148.16793,9000,4502799,1/01/1960, , ,1, ,Confirmed, 
 ,10' BLOCK CONTAINING ROCKY KNOB HILL,-37.49846,148.25126,9000,4502800,1/01/1960, , ,1,1,Acceptable, 
 , 5' BLOCK CONTAINING WANGARATTA,-36.29014,146.29294,4500,4502783,5/08/1959, , ,1,1,Confirmed, 
 , 5' BLOCK CONTAINING ROWBOTTOMS BRIDGE,-38.12353,141.9597,4500,4502782,1/08/1959, , ,1,1,Confirmed, 
 , 5' BLOCK CONTAINING ROWBOTTOMS BRIDGE,-38.12353,141.9597,4500,4502781,1/07/1959, , ,1,1,Confirmed, 
 ,WITHIN 2 KM OF BARONGAROOK,-38.42351,143.60968,900,4525810,1/06/1959, , ,1,1,Acceptable, 
 , 5' BLOCK CONTAINING BOGONG HIGH PLAINS,-36.79013,147.2096,4500,4502779,1/01/1959, , ,1, ,Acceptable, 
 ,IN THE STICKS,-37.79019,142.04303,4500,4502778,2/05/1958, , ,1,1,Confirmed, 
 ,MOUNT ALEXINA,-36.99849,145.2513,9000,4502777,17/10/1957, , ,1,1,Acceptable, 
 , 5' BLOCK CONTAINING THE PULPIT,-38.62352,143.54302,4500,4502776,21/07/1951, , ,1,1,Confirmed, 
 , 5' BLOCK CONTAINING DEVILS BACK BONE,-37.20679,148.29292,4500,4502790,1/01/1950, , ,1,1,Confirmed, 
 ,WATERFORD,-37.54013,147.20961,4500,4502774,1/01/1950, , ,1, ,Confirmed, 
 ,ROUGHLY 7 KM NW OF TULACH ARD,-37.21512,148.26793,1800,4529751,1/01/1950, , ,2671,1,Acceptable, 
 , 5' BLOCK CONTAINING GAY LAD SPRINGS,-37.20679,148.37626,4500,4502773,10/02/1948, , ,1,1,Confirmed, 
 ,LORNE,-38.54018,143.95968,4500,4502772,1/01/1948, , ,1,1,Confirmed, 
 ,ROUGHLY 9 KM NW OF LOCK GULLY,-37.14845,148.86791,1800,4529766,1/01/1946, , ,2427,2,Acceptable, 
 , 5' BLOCK CONTAINING QUINBURRA,-37.12345,149.04291,4500,4529759,1/01/1940, , ,1,1,Acceptable, 
 ,ROUND HILL,-37.12345,148.29292,4500,4502770,1/01/1940, , ,1,2,Confirmed, 
 , 5' BLOCK CONTAINING BENDOC NORTH,-37.12345,148.95958,4500,4502780,1/01/1940, , ,1, ,Confirmed, 
 ,1 KM NNW OF - ROUGHLY 2 KM E OF LAKE BRIDGE,-38.05686,141.84303,900,4502768,1/01/1938, , ,1,2,Confirmed, 
 ,LARDNER CREEK EAST BRANCH,-38.62351,143.62635,4500,4502767,16/07/1937, , ,1,1,Confirmed, 
 ,10' BLOCK CONTAINING TALLANGATTA,-36.24846,147.16793,9000,4502766,1/01/1937, , ,1, ,Confirmed, 
 , 5' BLOCK CONTAINING CASTLE COVE,-38.70685,143.37636,4500,4502765,1/01/1935, , ,1,1,Confirmed, 
 , 5' BLOCK CONTAINING WANGERRIP,-38.70685,143.29303,4500,4502764,1/05/1932, , ,1,1,Confirmed, 
 , 5' BLOCK CONTAINING WANGERRIP,-38.70685,143.29303,4500,4502763,1/04/1932, , ,1,1,Confirmed, 
 , 5' BLOCK CONTAINING WANGERRIP,-38.70685,143.29303,4500,4502762,1/01/1931, , ,1, ,Confirmed, 
 ,ROUGHLY 2 KM W OF MORANG SOUTH,-37.64899,145.10201,100,1005276,1/01/1930, , ,2394, ,Acceptable, 
 , 5' BLOCK CONTAINING LINDENOW,-37.79013,147.45961,4500,4502760,1/01/1930, , ,1, ,Confirmed, 
 , 5' BLOCK CONTAINING GAY LAD SPRINGS,-37.20679,148.37626,4500,4502761,1/01/1930, , ,1, ,Confirmed, 
 ,BEAUTY SPOT SCENIC RESERV,-38.70685,143.37636,4500,4502758,6/07/1929, , ,1,1,Confirmed, 
 , 5' BLOCK CONTAINING BINNS RD JUNCT,-38.62352,143.45969,4500,4502958,1/01/1928, , ,1,1,Confirmed, 
 ,WHINCHELSEA,-38.24851,144.00134,9000,4502759,1/01/1927, , ,1, ,Confirmed, 
 , 5' BLOCK CONTAINING WEST BARWON RESERVOIR,-38.54018,143.70968,4500,4502756,12/08/1922, , ,1,1,Confirmed, 
 ,10' BLOCK CONTAINING APOLLO BAY HOSPITAL,-38.74851,143.66802,9000,4502755,9/03/1921, , ,1,1,Confirmed, 
 ,ROUGHLY 2 KM S OF MOUNT TINGARINGY,-36.99012,148.67625,900,4529761,1/01/1920, , ,2427,1,Acceptable, 
 ,NEERIM JUNCTION,-37.94015,145.95964,900,4502951,18/03/1918, , ,1,1,Confirmed, 
 ,NEERIM,-37.95682,145.95964,4500,4502754,18/03/1918, , ,1,1,Confirmed, 
 ,WITHIN 2 KM OF HUME HIGHWAY,-37.60683,144.95965,900,1005517,1/01/1910, , ,2394, ,Acceptable, 
 , 5' BLOCK CONTAINING LINDENOW,-37.79013,147.45961,4500,4502752,1/01/1901, , ,1,1,Confirmed, 
 , 5' BLOCK CONTAINING TYERS,-38.12348,146.45964,4500,4502748,2/01/1900, , ,1, ,Confirmed, 
 ,10' BLOCK CONTAINING TINGARINGY NATIONAL PARK,-36.99845,148.66792,9000,4502751,2/01/1900, , ,1, ,Acceptable, 
 ,10' BLOCK CONTAINING HALLAM,-37.99849,145.25132,9000,4502747,2/01/1900, , ,1, ,Acceptable, 
 ,10' BLOCK CONTAINING STEWART MILL,-36.83184,143.25133,9000,4502750,2/01/1900, , ,1, ,Acceptable, 
 ,THORPDALE,-38.29015,146.20964,4500,4502746,2/01/1900, , ,1, ,Acceptable, 
 , 5' BLOCK CONTAINING KELLY HEAD,-37.87346,147.87628,4500,4502749,2/01/1900, , ,1, ,Acceptable, 
 ,10' BLOCK CONTAINING CALIOPIE VINEYARD,-36.0818,146.41794,9000,4502744,01/01/1895, , ,1, ,Acceptable, 
 ,THE GRANGE,-37.95683,145.12632,4500,4502743,01/01/1886, , ,1, ,Confirmed, 
 , 5' BLOCK CONTAINING KEILON PLAINS,-37.6235,144.70965,4500,4502742,01/01/1883, , ,1,1,Confirmed, 
 ,SUMMER HILL,-37.62349,144.95965,4500,4502741,01/01/1882, , ,1, ,Acceptable, 
 ,'Sunbury District',-37.4985,144.66799,18000,18186,01/01/1846, , ,1,1,Acceptable, 
 , 5' BLOCK CONTAINING KIA-ORA BRIDGE,-38.20686,142.4597,4500,4502740,01/01/1840, , ,1, ,Confirmed, 
 , 5' BLOCK CONTAINING MOUNT MCLEOD,-37.45679,148.2096,4500,4502732,01/01/1760, , ,1, ,Confirmed,Sub fossil
 ,Sunnyside Road: S boundary of Otway State Forest,-38.67253,143.76876,100,47022,01/01/1760, , ,1, ,Acceptable, 
 , 5' BLOCK CONTAINING POINT NORMAN,-38.62349,145.70966,4500,4528445,01/01/1760, , ,1, ,Acceptable,Sub fossil
 ,"Gibbons Road: Mount Clay, property of A.Donoven",-38.15539,141.68225,100,122578,01/01/1760, , ,1,1,Acceptable, 
 , 5' BLOCK CONTAINING HELEN ROCK,-38.37353,142.37637,4500,4502739,01/01/1760, , ,1, ,Confirmed,Sub fossil
 ,Beech Forest-Harveys Track,-38.62954,143.60056,100,47020,01/01/1760, , ,1,1,Acceptable, 
 ,"Old Lower Bogong Village (""Arboretium"") about 10km S of Mt Beauty",-36.78789,147.21589,100,66173,01/01/1760, , ,1,6,Confirmed,Found dead
 ,MOUNT HAMILTON,-37.79018,142.95968,4500,4502731,01/01/1760, , ,1, ,Confirmed,Sub fossil
 ,Maits Rest,-38.75397,143.55559,100,47016,01/01/1760, , ,2668, ,Acceptable, 
 ,Rileys Ridge Track,-38.6824,143.61397,100,47021,01/01/1760, , ,1,2,Acceptable, 
 ,JUNCTION WITH LITTLE MOLESIDE CREEK,-38.07354,141.30971,900,4502734,01/01/1760, , ,1, ,Confirmed,Sub fossil
 , 5' BLOCK CONTAINING HARMERS HAVEN,-38.62349,145.54299,4500,4502736,01/01/1760, , ,1, ,Confirmed,Sub fossil
 , 5' BLOCK CONTAINING HARMERS HAVEN,-38.62349,145.54299,4500,4502737,01/01/1760, , ,1, ,Confirmed,Sub fossil
 ,Riley Ridge Road: Otways,-38.69588,143.61561,100,60959,01/01/1760, , ,1,1,Acceptable, 
 ,6 KM NORTH OF  AT MCEACHERN'S CAVE,-37.99021,141.00971,900,4502735,01/01/1760, , ,1, ,Confirmed,Sub fossil
 ,Henrys Track: near Junc Sunnyside Road,-38.64563,143.76313,100,47023,01/01/1760, , ,1, ,Acceptable, 
 ,Cumberland River Falls,-38.56889,143.84511,100,47024,01/01/1760, , ,1,1,Acceptable, 
 ,Monbulk Road,-37.89016,145.35965,900,49751,01/01/1760, , ,1,1,Acceptable, 
 ,3 km SW Mount Eccles: near Long Paddock Track The Warrnambool Standard,-38.07905,141.90844,100,60945,01/01/1760, , ,2668, ,Acceptable, 
 ,10' BLOCK CONTAINING SISTERS POINT,-38.41519,142.3347,9000,4528437,01/01/1760, , ,1, ,Acceptable,Sub fossil
 ,Wyclangta-South West Water Catchment,-38.64743,143.43921,100,47018,01/01/1760, , ,1,1,Acceptable, 
 ,Coboboonee Forest,-38.20737,141.56737,100,122535,01/01/1760, , ,1,1,Acceptable, 
 , 5' BLOCK CONTAINING DISCOVERY BAY PARK,-38.20687,141.29305,4500,4502733,01/01/1760, , ,1, ,Confirmed,Sub fossil
 ,"Gibbons Road: Mount Clay, property of A.Donoven",-38.15539,141.68225,100,122578,01/01/1760, , ,1,1,Acceptable,Breeding
 ,Wyclangta-South West Water Catchment,-38.63743,143.44346,100,47017,01/01/1760, , ,1,1,Acceptable, 
 ,Yoedene: North Otways,-38.42351,143.75968,900,131144,01/01/1760, , ,1,1,Confirmed, 
 ,Riley Ridge Road: Otways,-38.69588,143.61561,100,60960,01/01/1760, , ,1,1,Acceptable, 
 ,Cumberland River Falls,-38.56889,143.84511,100,47024,01/01/1760, , ,1, ,Acceptable, 
 ,3km WSW of Mt Eccles:near Junc Parks W & Foote Tks The Warrnambool Standard,-38.08531,141.91535,100,60950,01/01/1760, , ,2668, ,Acceptable, 
 , 5' BLOCK CONTAINING HELEN ROCK,-38.37353,142.37637,4500,4502738,01/01/1760, , ,1,2,Confirmed, 
 ,Parker River gorge,-38.77545,143.56212,100,47014,01/01/1760, , ,1,1,Acceptable, 
 ,off Coleman Tk: 2.2 km SE of Callaghans Creek Tk,-36.47429,147.48292,100,66174,01/01/1760, , ,1,2,Acceptable, 
 ,"Old Lower Bogong Village (""Arboretium"") about 10km S of Mt Beauty",-36.78789,147.21589,100,66173,01/01/1760, , ,1,1,Confirmed,Found dead
 ,Charleys Creek Road,-38.58343,143.52543,100,47019,01/01/1760, , ,1,1,Acceptable, 
 ,Jansil Court: Apollo Bay,-38.78307,143.62455,100,49769,01/01/1760, , ,2486, ,Acceptable, 
 ,Turtons Track: near Coutts Track,-38.64077,143.66185,100,47015,01/01/1760, , ,2668,1,Acceptable, 
